,date,index
0,2017-09-19,"[6.75, Timestamp('2017-09-19 00:00:00'), 9748419922612.898]"
1,2017-09-20,"[6.23, Timestamp('2017-09-19 00:00:00'), 5506677594582.564]"
2,2017-09-21,"[5.92, Timestamp('2017-09-19 00:00:00'), 12090946705720.252]"
3,2017-09-22,"[5.02, Timestamp('2017-09-19 00:00:00'), 5209619503226.241]"
4,2017-09-25,"[4.4, Timestamp('2017-09-19 00:00:00'), 5781674026012.705]"
5,2017-09-26,"[4.34, Timestamp('2017-09-19 00:00:00'), 3077436241706.7705]"
6,2017-09-27,"[3.8, Timestamp('2017-09-19 00:00:00'), 8263077946560.051]"
7,2017-09-28,"[3.68, Timestamp('2017-09-19 00:00:00'), 7062303901321.713]"
8,2017-09-29,"[3.75, Timestamp('2017-09-19 00:00:00'), 7070213807786.362]"
9,2017-10-02,"[3.25, Timestamp('2017-09-19 00:00:00'), 6530940943164.886]"
10,2017-10-03,"[2.97, Timestamp('2017-09-19 00:00:00'), 2076703038929.52]"
11,2017-10-04,"[2.71, Timestamp('2017-09-19 00:00:00'), 3838911359217.1113]"
12,2017-10-05,"[2.57, Timestamp('2017-09-19 00:00:00'), 1341916550385.5823]"
13,2017-10-06,"[2.32, Timestamp('2017-09-19 00:00:00'), 3530186998614.029]"
14,2017-10-09,"[2.24, Timestamp('2017-09-19 00:00:00'), 2848920756232.456]"
15,2017-10-10,"[2.23, Timestamp('2017-09-19 00:00:00'), 3756979937910.9946]"
16,2017-10-11,"[2.23, Timestamp('2017-09-19 00:00:00'), 4337376731196.042]"
17,2017-10-12,"[2.21, Timestamp('2017-09-19 00:00:00'), 2740920467831.6943]"
18,2017-10-13,"[2.14, Timestamp('2017-09-19 00:00:00'), 2718871981035.5356]"
19,2017-10-16,"[2.04, Timestamp('2017-09-19 00:00:00'), 2881395705492.592]"
20,2017-10-17,"[1.84, Timestamp('2017-09-19 00:00:00'), 1843292236686.107]"
21,2017-10-18,"[1.76, Timestamp('2017-09-19 00:00:00'), 2704678785361.793]"
22,2017-10-19,"[1.6, Timestamp('2017-09-19 00:00:00'), 1321349836658.831]"
23,2017-10-20,"[1.51, Timestamp('2017-09-19 00:00:00'), 1257918280181.1475]"
24,2017-10-23,"[1.47, Timestamp('2017-09-19 00:00:00'), 753037954898.054]"
25,2017-10-24,"[1.45, Timestamp('2017-09-19 00:00:00'), 939472644511.7578]"
26,2017-10-25,"[1.24, Timestamp('2017-09-19 00:00:00'), 1072691915826.0522]"
27,2017-10-26,"[1.12, Timestamp('2017-09-19 00:00:00'), 1328036578107.443]"
28,2017-10-27,"[1.09, Timestamp('2017-09-19 00:00:00'), 1640965068857.832]"
29,2017-10-30,"[1.08, Timestamp('2017-09-19 00:00:00'), 1156488985943.9949]"
30,2017-10-31,"[1.04, Timestamp('2017-09-19 00:00:00'), 592964060882.0435]"
31,2017-11-01,"[1.04, Timestamp('2017-09-19 00:00:00'), 1413366594354.144]"
32,2017-11-02,"[1.03, Timestamp('2017-09-19 00:00:00'), 1128924415548.9177]"
33,2017-11-03,"[1.01, Timestamp('2017-09-19 00:00:00'), 2001342358890.9902]"
34,2017-11-06,"[0.97, Timestamp('2017-09-19 00:00:00'), 2099468759049.0657]"
35,2017-11-07,"[0.86, Timestamp('2017-09-19 00:00:00'), 1078516439025.6912]"
36,2017-11-08,"[0.85, Timestamp('2017-09-19 00:00:00'), 1697277824497.5732]"
37,2017-11-09,"[0.78, Timestamp('2017-09-19 00:00:00'), 557489345925.3694]"
38,2017-11-10,"[0.75, Timestamp('2017-09-19 00:00:00'), 766310730900.2627]"
39,2017-11-13,"[0.75, Timestamp('2017-09-19 00:00:00'), 1290428283053.2725]"
40,2017-11-14,"[0.68, Timestamp('2017-09-19 00:00:00'), 571649317119.5859]"
41,2017-11-15,"[0.67, Timestamp('2017-09-19 00:00:00'), 1108354281749.5046]"
42,2017-11-16,"[0.64, Timestamp('2017-09-19 00:00:00'), 525949863461.40564]"
43,2017-11-17,"[0.63, Timestamp('2017-09-19 00:00:00'), 517535894016.74524]"
44,2017-11-20,"[0.62, Timestamp('2017-09-19 00:00:00'), 143614557613.12988]"
45,2017-11-21,"[0.61, Timestamp('2017-09-19 00:00:00'), 808239559602.7461]"
46,2017-11-22,"[0.6, Timestamp('2017-09-19 00:00:00'), 724058220173.6079]"
47,2017-11-23,"[0.6, Timestamp('2017-09-19 00:00:00'), 395221272129.1406]"
48,2017-11-24,"[0.5, Timestamp('2017-09-19 00:00:00'), 494448572755.5]"
49,2017-11-27,"[0.43, Timestamp('2017-09-19 00:00:00'), 468235022992.2119]"
50,2017-11-28,132814821780313.88
51,2017-11-29,"[6.75, Timestamp('2017-09-20 00:00:00'), 9694947869114.557]"
52,2017-11-30,"[6.23, Timestamp('2017-09-20 00:00:00'), 5481301085004.694]"
53,2017-12-01,"[5.92, Timestamp('2017-09-20 00:00:00'), 12024422697212.17]"
54,2017-12-04,"[5.02, Timestamp('2017-09-20 00:00:00'), 5064560551831.097]"
55,2017-12-05,"[4.4, Timestamp('2017-09-20 00:00:00'), 5789636596503.633]"
56,2017-12-06,"[4.34, Timestamp('2017-09-20 00:00:00'), 3067813392461.8975]"
57,2017-12-07,"[3.8, Timestamp('2017-09-20 00:00:00'), 8187529417103.922]"
58,2017-12-08,"[3.68, Timestamp('2017-09-20 00:00:00'), 7113402347585.674]"
59,2017-12-11,"[3.75, Timestamp('2017-09-20 00:00:00'), 7151518228547.7705]"
60,2017-12-12,"[3.25, Timestamp('2017-09-20 00:00:00'), 6590898193478.498]"
61,2017-12-13,"[2.97, Timestamp('2017-09-20 00:00:00'), 2089841799615.164]"
62,2017-12-14,"[2.71, Timestamp('2017-09-20 00:00:00'), 3832137282962.3965]"
63,2017-12-15,"[2.57, Timestamp('2017-09-20 00:00:00'), 1344514326979.9648]"
64,2017-12-18,"[2.32, Timestamp('2017-09-20 00:00:00'), 3549274156502.173]"
65,2017-12-19,"[2.24, Timestamp('2017-09-20 00:00:00'), 2870734636291.7954]"
66,2017-12-20,"[2.23, Timestamp('2017-09-20 00:00:00'), 3740471921710.5854]"
67,2017-12-21,"[2.23, Timestamp('2017-09-20 00:00:00'), 4332221814008.9624]"
68,2017-12-22,"[2.21, Timestamp('2017-09-20 00:00:00'), 2730837363752.671]"
69,2017-12-27,"[2.14, Timestamp('2017-09-20 00:00:00'), 2718871981035.5356]"
70,2017-12-28,"[2.04, Timestamp('2017-09-20 00:00:00'), 2844670138488.4795]"
71,2017-12-29,"[1.84, Timestamp('2017-09-20 00:00:00'), 1833623399753.1519]"
72,2018-01-02,"[1.76, Timestamp('2017-09-20 00:00:00'), 2706357931709.4375]"
73,2018-01-03,"[1.6, Timestamp('2017-09-20 00:00:00'), 1312372808986.5483]"
74,2018-01-04,"[1.51, Timestamp('2017-09-20 00:00:00'), 1261322718427.79]"
75,2018-01-05,"[1.47, Timestamp('2017-09-20 00:00:00'), 743756789142.3477]"
76,2018-01-08,"[1.45, Timestamp('2017-09-20 00:00:00'), 936258778350.5742]"
77,2018-01-09,"[1.24, Timestamp('2017-09-20 00:00:00'), 1083850423397.0815]"
78,2018-01-10,"[1.12, Timestamp('2017-09-20 00:00:00'), 1333398746015.7554]"
79,2018-01-11,"[1.09, Timestamp('2017-09-20 00:00:00'), 1642282698602.0137]"
80,2018-01-12,"[1.08, Timestamp('2017-09-20 00:00:00'), 1158294573280.369]"
81,2018-01-15,"[1.04, Timestamp('2017-09-20 00:00:00'), 588322638261.1615]"
82,2018-01-16,"[1.04, Timestamp('2017-09-20 00:00:00'), 1400797020256.9958]"
83,2018-01-17,"[1.03, Timestamp('2017-09-20 00:00:00'), 1123359265362.937]"
84,2018-01-18,"[1.01, Timestamp('2017-09-20 00:00:00'), 1993694769131.2275]"
85,2018-01-19,"[0.97, Timestamp('2017-09-20 00:00:00'), 2113096874025.6743]"
86,2018-01-22,"[0.86, Timestamp('2017-09-20 00:00:00'), 1069616548101.0403]"
87,2018-01-23,"[0.85, Timestamp('2017-09-20 00:00:00'), 1687363073193.5115]"
88,2018-01-24,"[0.78, Timestamp('2017-09-20 00:00:00'), 558536300865.6987]"
89,2018-01-25,"[0.75, Timestamp('2017-09-20 00:00:00'), 764240632955.2563]"
90,2018-01-26,"[0.75, Timestamp('2017-09-20 00:00:00'), 1322976269583.965]"
91,2018-01-29,"[0.68, Timestamp('2017-09-20 00:00:00'), 582214065634.8413]"
92,2018-01-30,"[0.67, Timestamp('2017-09-20 00:00:00'), 1111824633650.9841]"
93,2018-01-31,"[0.64, Timestamp('2017-09-20 00:00:00'), 532299324919.86694]"
94,2018-02-01,"[0.63, Timestamp('2017-09-20 00:00:00'), 514318695087.9133]"
95,2018-02-02,"[0.62, Timestamp('2017-09-20 00:00:00'), 140752939930.25977]"
96,2018-02-05,"[0.61, Timestamp('2017-09-20 00:00:00'), 804659775620.021]"
97,2018-02-06,"[0.6, Timestamp('2017-09-20 00:00:00'), 727036519544.0161]"
98,2018-02-07,"[0.6, Timestamp('2017-09-20 00:00:00'), 394855618743.0469]"
99,2018-02-08,"[0.5, Timestamp('2017-09-20 00:00:00'), 498214144780.0]"
100,2018-02-09,"[0.43, Timestamp('2017-09-20 00:00:00'), 467734822503.94824]"
101,2018-02-12,265441860380322.88
102,2018-02-13,"[6.75, Timestamp('2017-09-21 00:00:00'), 9494433560903.941]"
103,2018-02-14,"[6.23, Timestamp('2017-09-21 00:00:00'), 5500333627340.759]"
104,2018-02-15,"[5.92, Timestamp('2017-09-21 00:00:00'), 12001137430120.523]"
105,2018-02-16,"[5.02, Timestamp('2017-09-21 00:00:00'), 5052036538801.699]"
106,2018-02-19,"[4.4, Timestamp('2017-09-21 00:00:00'), 5845381805681.396]"
107,2018-02-20,"[4.34, Timestamp('2017-09-21 00:00:00'), 3031510583831.4854]"
108,2018-02-21,"[3.8, Timestamp('2017-09-21 00:00:00'), 8114650051464.359]"
109,2018-02-22,"[3.68, Timestamp('2017-09-21 00:00:00'), 7176887856092.761]"
110,2018-02-23,"[3.75, Timestamp('2017-09-21 00:00:00'), 7186365197162.867]"
111,2018-02-26,"[3.25, Timestamp('2017-09-21 00:00:00'), 6647858915780.903]"
112,2018-02-27,"[2.97, Timestamp('2017-09-21 00:00:00'), 2077475802775.5833]"
113,2018-02-28,"[2.71, Timestamp('2017-09-21 00:00:00'), 3784714440753.6445]"
114,2018-03-01,"[2.57, Timestamp('2017-09-21 00:00:00'), 1383478125647.085]"
115,2018-03-02,"[2.32, Timestamp('2017-09-21 00:00:00'), 3563338997620.0894]"
116,2018-03-05,"[2.24, Timestamp('2017-09-21 00:00:00'), 2852624590468.801]"
117,2018-03-06,"[2.23, Timestamp('2017-09-21 00:00:00'), 3839519214650.9204]"
118,2018-03-07,"[2.23, Timestamp('2017-09-21 00:00:00'), 4290982476512.324]"
119,2018-03-08,"[2.21, Timestamp('2017-09-21 00:00:00'), 2714032039182.3545]"
120,2018-03-09,"[2.14, Timestamp('2017-09-21 00:00:00'), 2709724375583.361]"
121,2018-03-12,"[2.04, Timestamp('2017-09-21 00:00:00'), 2913529588453.892]"
122,2018-03-13,"[1.84, Timestamp('2017-09-21 00:00:00'), 1877823715112.2522]"
123,2018-03-14,"[1.76, Timestamp('2017-09-21 00:00:00'), 2637524015647.528]"
124,2018-03-15,"[1.6, Timestamp('2017-09-21 00:00:00'), 1305467409871.0986]"
125,2018-03-16,"[1.51, Timestamp('2017-09-21 00:00:00'), 1260471443162.4053]"
126,2018-03-19,"[1.47, Timestamp('2017-09-21 00:00:00'), 752194202640.6865]"
127,2018-03-20,"[1.45, Timestamp('2017-09-21 00:00:00'), 942686839704.0469]"
128,2018-03-21,"[1.24, Timestamp('2017-09-21 00:00:00'), 1068228656539.3291]"
129,2018-03-22,"[1.12, Timestamp('2017-09-21 00:00:00'), 1311234831462.0054]"
130,2018-03-23,"[1.09, Timestamp('2017-09-21 00:00:00'), 1658099351229.5513]"
131,2018-03-26,"[1.08, Timestamp('2017-09-21 00:00:00'), 1168676835951.3142]"
132,2018-03-27,"[1.04, Timestamp('2017-09-21 00:00:00'), 585228458786.825]"
133,2018-03-28,"[1.04, Timestamp('2017-09-21 00:00:00'), 1410573475096.3098]"
134,2018-03-29,"[1.03, Timestamp('2017-09-21 00:00:00'), 1120974182881.4985]"
135,2018-04-03,"[1.01, Timestamp('2017-09-21 00:00:00'), 1966773166070.5234]"
136,2018-04-04,"[0.97, Timestamp('2017-09-21 00:00:00'), 2081420385150.242]"
137,2018-04-05,"[0.86, Timestamp('2017-09-21 00:00:00'), 1062334557261.397]"
138,2018-04-06,"[0.85, Timestamp('2017-09-21 00:00:00'), 1696125085719.7085]"
139,2018-04-09,"[0.78, Timestamp('2017-09-21 00:00:00'), 552778211866.9988]"
140,2018-04-10,"[0.75, Timestamp('2017-09-21 00:00:00'), 751406757487.4272]"
141,2018-04-11,"[0.75, Timestamp('2017-09-21 00:00:00'), 1327762631736.9753]"
142,2018-04-12,"[0.68, Timestamp('2017-09-21 00:00:00'), 583936644437.7036]"
143,2018-04-13,"[0.67, Timestamp('2017-09-21 00:00:00'), 1130044254537.4263]"
144,2018-04-16,"[0.64, Timestamp('2017-09-21 00:00:00'), 523833337605.33655]"
145,2018-04-17,"[0.63, Timestamp('2017-09-21 00:00:00'), 508098817048.01953]"
146,2018-04-18,"[0.62, Timestamp('2017-09-21 00:00:00'), 138230827680.0]"
147,2018-04-19,"[0.61, Timestamp('2017-09-21 00:00:00'), 805057535961.8567]"
148,2018-04-20,"[0.6, Timestamp('2017-09-21 00:00:00'), 721824338213.7598]"
149,2018-04-23,"[0.6, Timestamp('2017-09-21 00:00:00'), 393027675236.09375]"
150,2018-04-24,"[0.5, Timestamp('2017-09-21 00:00:00'), 485758791160.5]"
151,2018-04-25,"[0.43, Timestamp('2017-09-21 00:00:00'), 470734481604.8628]"
152,2018-04-26,397920206516015.1
153,2018-04-27,"[6.75, Timestamp('2017-09-22 00:00:00'), 9500003437257.207]"
154,2018-04-30,"[6.23, Timestamp('2017-09-22 00:00:00'), 5665857168874.306]"
155,2018-05-01,"[5.92, Timestamp('2017-09-22 00:00:00'), 12092609495247.316]"
156,2018-05-02,"[5.02, Timestamp('2017-09-22 00:00:00'), 5085432041438.826]"
157,2018-05-03,"[4.4, Timestamp('2017-09-22 00:00:00'), 5869272523713.042]"
158,2018-05-04,"[4.34, Timestamp('2017-09-22 00:00:00'), 3061690218620.193]"
159,2018-05-08,"[3.8, Timestamp('2017-09-22 00:00:00'), 8196416791472.502]"
160,2018-05-09,"[3.68, Timestamp('2017-09-22 00:00:00'), 7224887117447.846]"
161,2018-05-10,"[3.75, Timestamp('2017-09-22 00:00:00'), 7267668616761.602]"
162,2018-05-11,"[3.25, Timestamp('2017-09-22 00:00:00'), 6719808159006.516]"
163,2018-05-14,"[2.97, Timestamp('2017-09-22 00:00:00'), 2079021584082.3623]"
164,2018-05-15,"[2.71, Timestamp('2017-09-22 00:00:00'), 3842863108862.159]"
165,2018-05-16,"[2.57, Timestamp('2017-09-22 00:00:00'), 1385036761601.0972]"
166,2018-05-17,"[2.32, Timestamp('2017-09-22 00:00:00'), 3564343651852.0767]"
167,2018-05-18,"[2.24, Timestamp('2017-09-22 00:00:00'), 2857564022753.978]"
168,2018-05-21,"[2.23, Timestamp('2017-09-22 00:00:00'), 3808780584488.3154]"
169,2018-05-22,"[2.23, Timestamp('2017-09-22 00:00:00'), 4294075018352.529]"
170,2018-05-23,"[2.21, Timestamp('2017-09-22 00:00:00'), 2717392922770.0845]"
171,2018-05-24,"[2.14, Timestamp('2017-09-22 00:00:00'), 2698861377792.089]"
172,2018-05-25,"[2.04, Timestamp('2017-09-22 00:00:00'), 2931127135200.6924]"
173,2018-05-29,"[1.84, Timestamp('2017-09-22 00:00:00'), 1879205196327.764]"
174,2018-05-30,"[1.76, Timestamp('2017-09-22 00:00:00'), 2666064722141.5366]"
175,2018-05-31,"[1.6, Timestamp('2017-09-22 00:00:00'), 1307539038427.9316]"
176,2018-06-01,"[1.51, Timestamp('2017-09-22 00:00:00'), 1273238031352.7402]"
177,2018-06-04,"[1.47, Timestamp('2017-09-22 00:00:00'), 753037954898.054]"
178,2018-06-05,"[1.45, Timestamp('2017-09-22 00:00:00'), 952529256838.9688]"
179,2018-06-06,"[1.24, Timestamp('2017-09-22 00:00:00'), 1082362617063.8447]"
180,2018-06-07,"[1.12, Timestamp('2017-09-22 00:00:00'), 1314451969201.932]"
181,2018-06-08,"[1.09, Timestamp('2017-09-22 00:00:00'), 1666007677543.3203]"
182,2018-06-11,"[1.08, Timestamp('2017-09-22 00:00:00'), 1171385216955.8755]"
183,2018-06-12,"[1.04, Timestamp('2017-09-22 00:00:00'), 581009087278.0701]"
184,2018-06-13,"[1.04, Timestamp('2017-09-22 00:00:00'), 1413366594354.144]"
185,2018-06-14,"[1.03, Timestamp('2017-09-22 00:00:00'), 1124154377398.1675]"
186,2018-06-15,"[1.01, Timestamp('2017-09-22 00:00:00'), 1974727385770.46]"
187,2018-06-18,"[0.97, Timestamp('2017-09-22 00:00:00'), 2083262380722.952]"
188,2018-06-19,"[0.86, Timestamp('2017-09-22 00:00:00'), 1065570997634.5718]"
189,2018-06-20,"[0.85, Timestamp('2017-09-22 00:00:00'), 1683212646207.418]"
190,2018-06-21,"[0.78, Timestamp('2017-09-22 00:00:00'), 556965959106.9331]"
191,2018-06-22,"[0.75, Timestamp('2017-09-22 00:00:00'), 759272699896.312]"
192,2018-06-25,"[0.75, Timestamp('2017-09-22 00:00:00'), 1353609566475.409]"
193,2018-06-26,"[0.68, Timestamp('2017-09-22 00:00:00'), 590252497684.8018]"
194,2018-06-27,"[0.67, Timestamp('2017-09-22 00:00:00'), 1137852507258.0874]"
195,2018-06-28,"[0.64, Timestamp('2017-09-22 00:00:00'), 525738234097.7479]"
196,2018-06-29,"[0.63, Timestamp('2017-09-22 00:00:00'), 503380325800.845]"
197,2018-07-02,"[0.62, Timestamp('2017-09-22 00:00:00'), 136872776346.25977]"
198,2018-07-03,"[0.61, Timestamp('2017-09-22 00:00:00'), 809830600970.0889]"
199,2018-07-04,"[0.6, Timestamp('2017-09-22 00:00:00'), 729121628224.1816]"
200,2018-07-05,"[0.6, Timestamp('2017-09-22 00:00:00'), 394490103967.03125]"
201,2018-07-06,"[0.5, Timestamp('2017-09-22 00:00:00'), 496186529074.5]"
202,2018-07-09,"[0.43, Timestamp('2017-09-22 00:00:00'), 469235325426.4839]"
203,2018-07-10,531236852158056.4
204,2018-07-11,"[6.75, Timestamp('2017-09-25 00:00:00'), 9511142569710.25]"
205,2018-07-12,"[6.23, Timestamp('2017-09-25 00:00:00'), 5686620000569.162]"
206,2018-07-13,"[5.92, Timestamp('2017-09-25 00:00:00'), 11994485029269.715]"
207,2018-07-16,"[5.02, Timestamp('2017-09-25 00:00:00'), 5085432041438.826]"
208,2018-07-17,"[4.4, Timestamp('2017-09-25 00:00:00'), 5893165646991.777]"
209,2018-07-18,"[4.34, Timestamp('2017-09-25 00:00:00'), 3005704947348.0767]"
210,2018-07-19,"[3.8, Timestamp('2017-09-25 00:00:00'), 8150200662714.528]"
211,2018-07-20,"[3.68, Timestamp('2017-09-25 00:00:00'), 7314695738058.597]"
212,2018-07-23,"[3.75, Timestamp('2017-09-25 00:00:00'), 7332381769688.285]"
213,2018-07-24,"[3.25, Timestamp('2017-09-25 00:00:00'), 6773770996174.5205]"
214,2018-07-25,"[2.97, Timestamp('2017-09-25 00:00:00'), 2054289970825.1792]"
215,2018-07-26,"[2.71, Timestamp('2017-09-25 00:00:00'), 3854153954024.3086]"
216,2018-07-27,"[2.57, Timestamp('2017-09-25 00:00:00'), 1338799428490.6426]"
217,2018-07-30,"[2.32, Timestamp('2017-09-25 00:00:00'), 3499044626201.8447]"
218,2018-07-31,"[2.24, Timestamp('2017-09-25 00:00:00'), 2832457735969.364]"
219,2018-08-01,"[2.23, Timestamp('2017-09-25 00:00:00'), 3749579922139.1987]"
220,2018-08-02,"[2.23, Timestamp('2017-09-25 00:00:00'), 4312632720226.016]"
221,2018-08-03,"[2.21, Timestamp('2017-09-25 00:00:00'), 2732517805546.536]"
222,2018-08-06,"[2.14, Timestamp('2017-09-25 00:00:00'), 2709438404754.573]"
223,2018-08-07,"[2.04, Timestamp('2017-09-25 00:00:00'), 2902818118459.2725]"
224,2018-08-08,"[1.84, Timestamp('2017-09-25 00:00:00'), 1861248620783.4587]"
225,2018-08-09,"[1.76, Timestamp('2017-09-25 00:00:00'), 2664386010468.0693]"
226,2018-08-10,"[1.6, Timestamp('2017-09-25 00:00:00'), 1293037726752.0815]"
227,2018-08-13,"[1.51, Timestamp('2017-09-25 00:00:00'), 1263875881409.0479]"
228,2018-08-14,"[1.47, Timestamp('2017-09-25 00:00:00'), 742491133487.4626]"
229,2018-08-15,"[1.45, Timestamp('2017-09-25 00:00:00'), 951324125576.6719]"
230,2018-08-16,"[1.24, Timestamp('2017-09-25 00:00:00'), 1094264828160.2583]"
231,2018-08-17,"[1.12, Timestamp('2017-09-25 00:00:00'), 1308017577289.8926]"
232,2018-08-20,"[1.09, Timestamp('2017-09-25 00:00:00'), 1675234025577.9907]"
233,2018-08-21,"[1.08, Timestamp('2017-09-25 00:00:00'), 1157843131284.011]"
234,2018-08-22,"[1.04, Timestamp('2017-09-25 00:00:00'), 578618004894.7742]"
235,2018-08-23,"[1.04, Timestamp('2017-09-25 00:00:00'), 1407780236408.0547]"
236,2018-08-24,"[1.03, Timestamp('2017-09-25 00:00:00'), 1132899341664.437]"
237,2018-08-28,"[1.01, Timestamp('2017-09-25 00:00:00'), 1973809794525.2021]"
238,2018-08-29,"[0.97, Timestamp('2017-09-25 00:00:00'), 2113833672254.7583]"
239,2018-08-30,"[0.86, Timestamp('2017-09-25 00:00:00'), 1072852668372.6353]"
240,2018-08-31,"[0.85, Timestamp('2017-09-25 00:00:00'), 1654621131073.0974]"
241,2018-09-03,"[0.78, Timestamp('2017-09-25 00:00:00'), 556442427245.7314]"
242,2018-09-04,"[0.75, Timestamp('2017-09-25 00:00:00'), 765068660517.5254]"
243,2018-09-05,"[0.75, Timestamp('2017-09-25 00:00:00'), 1362225163128.872]"
244,2018-09-07,"[0.68, Timestamp('2017-09-25 00:00:00'), 596568413015.7607]"
245,2018-09-10,"[0.67, Timestamp('2017-09-25 00:00:00'), 1133948302782.4211]"
246,2018-09-11,"[0.64, Timestamp('2017-09-25 00:00:00'), 527008165092.68884]"
247,2018-09-12,"[0.63, Timestamp('2017-09-25 00:00:00'), 500377615198.3242]"
248,2018-09-13,"[0.62, Timestamp('2017-09-25 00:00:00'), 137697302226.87012]"
249,2018-09-14,"[0.61, Timestamp('2017-09-25 00:00:00'), 807444098012.8708]"
250,2018-09-17,"[0.6, Timestamp('2017-09-25 00:00:00'), 727185607687.7827]"
251,2018-09-18,"[0.6, Timestamp('2017-09-25 00:00:00'), 398146083387.65625]"
252,2018-09-19,"[0.5, Timestamp('2017-09-25 00:00:00'), 491841638277.0]"
253,2018-09-20,"[0.43, Timestamp('2017-09-25 00:00:00'), 468110564123.6782]"
254,2018-09-21,664388386197336.0
255,2018-09-24,"[6.75, Timestamp('2017-09-26 00:00:00'), 9522282942670.273]"
256,2018-09-25,"[6.23, Timestamp('2017-09-26 00:00:00'), 5638174460965.576]"
257,2018-09-26,"[5.92, Timestamp('2017-09-26 00:00:00'), 11962885814542.738]"
258,2018-09-27,"[5.02, Timestamp('2017-09-26 00:00:00'), 5068734849752.643]"
259,2018-10-01,"[4.4, Timestamp('2017-09-26 00:00:00'), 5901127616170.933]"
260,2018-10-02,"[4.34, Timestamp('2017-09-26 00:00:00'), 2989084071627.225]"
261,2018-10-03,"[3.8, Timestamp('2017-09-26 00:00:00'), 8265743769049.079]"
262,2018-10-04,"[3.68, Timestamp('2017-09-26 00:00:00'), 7301533879588.253]"
263,2018-10-05,"[3.75, Timestamp('2017-09-26 00:00:00'), 7393774066025.07]"
264,2018-10-09,"[3.25, Timestamp('2017-09-26 00:00:00'), 6829231644973.731]"
265,2018-10-10,"[2.97, Timestamp('2017-09-26 00:00:00'), 2038832284564.7139]"
266,2018-10-11,"[2.71, Timestamp('2017-09-26 00:00:00'), 3833265782763.6885]"
267,2018-10-12,"[2.57, Timestamp('2017-09-26 00:00:00'), 1336202101935.5151]"
268,2018-10-15,"[2.32, Timestamp('2017-09-26 00:00:00'), 3448814141511.809]"
269,2018-10-16,"[2.24, Timestamp('2017-09-26 00:00:00'), 2814348676783.0864]"
270,2018-10-17,"[2.23, Timestamp('2017-09-26 00:00:00'), 3699486455956.574]"
271,2018-10-18,"[2.23, Timestamp('2017-09-26 00:00:00'), 4299229935539.6084]"
272,2018-10-19,"[2.21, Timestamp('2017-09-26 00:00:00'), 2722434474809.596]"
273,2018-10-22,"[2.14, Timestamp('2017-09-26 00:00:00'), 2696288721917.072]"
274,2018-10-23,"[2.04, Timestamp('2017-09-26 00:00:00'), 2881395705492.592]"
275,2018-10-24,"[1.84, Timestamp('2017-09-26 00:00:00'), 1843982977293.8628]"
276,2018-10-25,"[1.76, Timestamp('2017-09-26 00:00:00'), 2655991365415.289]"
277,2018-10-26,"[1.6, Timestamp('2017-09-26 00:00:00'), 1293037726752.0815]"
278,2018-10-29,"[1.51, Timestamp('2017-09-26 00:00:00'), 1268131373982.7764]"
279,2018-10-30,"[1.47, Timestamp('2017-09-26 00:00:00'), 742069284627.6128]"
280,2018-10-31,"[1.45, Timestamp('2017-09-26 00:00:00'), 950922378596.8945]"
281,2018-11-01,"[1.24, Timestamp('2017-09-26 00:00:00'), 1086825876350.5679]"
282,2018-11-02,"[1.12, Timestamp('2017-09-26 00:00:00'), 1320529496462.9314]"
283,2018-11-05,"[1.09, Timestamp('2017-09-26 00:00:00'), 1667325699264.2217]"
284,2018-11-06,"[1.08, Timestamp('2017-09-26 00:00:00'), 1153780604939.4336]"
285,2018-11-07,"[1.04, Timestamp('2017-09-26 00:00:00'), 573273572845.3528]"
286,2018-11-08,"[1.04, Timestamp('2017-09-26 00:00:00'), 1392138075867.7417]"
287,2018-11-09,"[1.03, Timestamp('2017-09-26 00:00:00'), 1125744094220.1216]"
288,2018-11-12,"[1.01, Timestamp('2017-09-26 00:00:00'), 2003484171321.6797]"
289,2018-11-13,"[0.97, Timestamp('2017-09-26 00:00:00'), 2103152087129.1243]"
290,2018-11-14,"[0.86, Timestamp('2017-09-26 00:00:00'), 1063143880755.7439]"
291,2018-11-15,"[0.85, Timestamp('2017-09-26 00:00:00'), 1656465922896.3003]"
292,2018-11-16,"[0.78, Timestamp('2017-09-26 00:00:00'), 556965959106.9331]"
293,2018-11-19,"[0.75, Timestamp('2017-09-26 00:00:00'), 758030687592.2422]"
294,2018-11-20,"[0.75, Timestamp('2017-09-26 00:00:00'), 1339250190460.289]"
295,2018-11-21,"[0.68, Timestamp('2017-09-26 00:00:00'), 589678408223.6157]"
296,2018-11-22,"[0.67, Timestamp('2017-09-26 00:00:00'), 1135683556848.4966]"
297,2018-11-23,"[0.64, Timestamp('2017-09-26 00:00:00'), 526796458322.5338]"
298,2018-11-26,"[0.63, Timestamp('2017-09-26 00:00:00'), 496731502599.7877]"
299,2018-11-27,"[0.62, Timestamp('2017-09-26 00:00:00'), 137163776773.74023]"
300,2018-11-28,"[0.61, Timestamp('2017-09-26 00:00:00'), 799886710611.7888]"
301,2018-11-29,"[0.6, Timestamp('2017-09-26 00:00:00'), 727334380967.4653]"
302,2018-11-30,"[0.6, Timestamp('2017-09-26 00:00:00'), 395952486494.6094]"
303,2018-12-03,"[0.5, Timestamp('2017-09-26 00:00:00'), 485179472387.5]"
304,2018-12-04,"[0.43, Timestamp('2017-09-26 00:00:00'), 464986479001.64844]"
305,2018-12-05,797344896252088.2
306,2018-12-06,"[6.75, Timestamp('2017-09-27 00:00:00'), 9502230767545.023]"
307,2018-12-07,"[6.23, Timestamp('2017-09-27 00:00:00'), 5631830493723.7705]"
308,2018-12-10,"[5.92, Timestamp('2017-09-27 00:00:00'), 12140840333472.586]"
309,2018-12-11,"[5.02, Timestamp('2017-09-27 00:00:00'), 5048906514901.015]"
310,2018-12-12,"[4.4, Timestamp('2017-09-27 00:00:00'), 5917055763711.65]"
311,2018-12-13,"[4.34, Timestamp('2017-09-27 00:00:00'), 2995645333951.2456]"
312,2018-12-14,"[3.8, Timestamp('2017-09-27 00:00:00'), 8362621105969.125]"
313,2018-12-17,"[3.68, Timestamp('2017-09-27 00:00:00'), 7324759016457.089]"
314,2018-12-18,"[3.75, Timestamp('2017-09-27 00:00:00'), 7383819505556.77]"
315,2018-12-19,"[3.25, Timestamp('2017-09-27 00:00:00'), 6808245544284.132]"
316,2018-12-20,"[2.97, Timestamp('2017-09-27 00:00:00'), 2029557723531.365]"
317,2018-12-21,"[2.71, Timestamp('2017-09-27 00:00:00'), 3841733993571.4746]"
318,2018-12-24,"[2.57, Timestamp('2017-09-27 00:00:00'), 1352826552024.414]"
319,2018-12-27,"[2.32, Timestamp('2017-09-27 00:00:00'), 3543246867370.0557]"
320,2018-12-28,"[2.24, Timestamp('2017-09-27 00:00:00'), 2811879453958.857]"
321,2018-12-31,"[2.23, Timestamp('2017-09-27 00:00:00'), 3825288600688.7246]"
322,2019-01-02,"[2.23, Timestamp('2017-09-27 00:00:00'), 4294075018352.529]"
323,2019-01-03,"[2.21, Timestamp('2017-09-27 00:00:00'), 2693865831024.308]"
324,2019-01-04,"[2.14, Timestamp('2017-09-27 00:00:00'), 2645118546810.118]"
325,2019-01-07,"[2.04, Timestamp('2017-09-27 00:00:00'), 2911234141699.4053]"
326,2019-01-08,"[1.84, Timestamp('2017-09-27 00:00:00'), 1868154878179.297]"
327,2019-01-09,"[1.76, Timestamp('2017-09-27 00:00:00'), 2645918443363.219]"
328,2019-01-10,"[1.6, Timestamp('2017-09-27 00:00:00'), 1300633639312.482]"
329,2019-01-11,"[1.51, Timestamp('2017-09-27 00:00:00'), 1272387087494.8037]"
330,2019-01-14,"[1.47, Timestamp('2017-09-27 00:00:00'), 742913036884.9802]"
331,2019-01-15,"[1.45, Timestamp('2017-09-27 00:00:00'), 957149511621.9609]"
332,2019-01-16,"[1.24, Timestamp('2017-09-27 00:00:00'), 1086082013112.1963]"
333,2019-01-17,"[1.12, Timestamp('2017-09-27 00:00:00'), 1338403816408.6553]"
334,2019-01-18,"[1.09, Timestamp('2017-09-27 00:00:00'), 1662053220403.896]"
335,2019-01-21,"[1.08, Timestamp('2017-09-27 00:00:00'), 1170482423287.6885]"
336,2019-01-22,"[1.04, Timestamp('2017-09-27 00:00:00'), 580165160378.8184]"
337,2019-01-23,"[1.04, Timestamp('2017-09-27 00:00:00'), 1398003900999.1619]"
338,2019-01-24,"[1.03, Timestamp('2017-09-27 00:00:00'), 1108253912063.329]"
339,2019-01-25,"[1.01, Timestamp('2017-09-27 00:00:00'), 2022144924742.2734]"
340,2019-01-28,"[0.97, Timestamp('2017-09-27 00:00:00'), 2096522096585.0186]"
341,2019-01-29,"[0.86, Timestamp('2017-09-27 00:00:00'), 1058289006794.9285]"
342,2019-01-30,"[0.85, Timestamp('2017-09-27 00:00:00'), 1685979597531.4805]"
343,2019-01-31,"[0.78, Timestamp('2017-09-27 00:00:00'), 553301634946.1263]"
344,2019-02-01,"[0.75, Timestamp('2017-09-27 00:00:00'), 753062696454.6304]"
345,2019-02-04,"[0.75, Timestamp('2017-09-27 00:00:00'), 1322976269583.965]"
346,2019-02-05,"[0.68, Timestamp('2017-09-27 00:00:00'), 604032755604.5352]"
347,2019-02-06,"[0.67, Timestamp('2017-09-27 00:00:00'), 1174725367259.1516]"
348,2019-02-07,"[0.64, Timestamp('2017-09-27 00:00:00'), 532299324919.86694]"
349,2019-02-08,"[0.63, Timestamp('2017-09-27 00:00:00'), 508098817048.01953]"
350,2019-02-11,"[0.62, Timestamp('2017-09-27 00:00:00'), 138618838117.74023]"
351,2019-02-12,"[0.61, Timestamp('2017-09-27 00:00:00'), 797102447312.7351]"
352,2019-02-13,"[0.6, Timestamp('2017-09-27 00:00:00'), 725547369858.812]"
353,2019-02-14,"[0.6, Timestamp('2017-09-27 00:00:00'), 395221272129.1406]"
354,2019-02-15,"[0.5, Timestamp('2017-09-27 00:00:00'), 481993219136.0]"
355,2019-02-18,"[0.43, Timestamp('2017-09-27 00:00:00'), 465486679489.9121]"
356,2019-02-19,930855680721716.5
357,2019-02-20,"[6.75, Timestamp('2017-09-28 00:00:00'), 9505570832596.508]"
358,2019-02-21,"[6.23, Timestamp('2017-09-28 00:00:00'), 5662395949546.074]"
359,2019-02-22,"[5.92, Timestamp('2017-09-28 00:00:00'), 12170775515929.95]"
360,2019-02-25,"[5.02, Timestamp('2017-09-28 00:00:00'), 5093780637281.918]"
361,2019-02-26,"[4.4, Timestamp('2017-09-28 00:00:00'), 5901127616170.933]"
362,2019-02-27,"[4.34, Timestamp('2017-09-28 00:00:00'), 2989084071627.225]"
363,2019-02-28,"[3.8, Timestamp('2017-09-28 00:00:00'), 8265743769049.079]"
364,2019-03-01,"[3.68, Timestamp('2017-09-28 00:00:00'), 7371213524053.925]"
365,2019-03-04,"[3.75, Timestamp('2017-09-28 00:00:00'), 7440234521659.404]"
366,2019-03-05,"[3.25, Timestamp('2017-09-28 00:00:00'), 6853213821300.14]"
367,2019-03-06,"[2.97, Timestamp('2017-09-28 00:00:00'), 2017964870959.8262]"
368,2019-03-07,"[2.71, Timestamp('2017-09-28 00:00:00'), 3812377919247.7646]"
369,2019-03-08,"[2.57, Timestamp('2017-09-28 00:00:00'), 1355943523906.269]"
370,2019-03-11,"[2.32, Timestamp('2017-09-28 00:00:00'), 3575394530274.0317]"
371,2019-03-12,"[2.24, Timestamp('2017-09-28 00:00:00'), 2789654475267.3535]"
372,2019-03-13,"[2.23, Timestamp('2017-09-28 00:00:00'), 3826426899676.771]"
373,2019-03-14,"[2.23, Timestamp('2017-09-28 00:00:00'), 4232215195163.485]"
374,2019-03-15,"[2.21, Timestamp('2017-09-28 00:00:00'), 2725795811713.159]"
375,2019-03-18,"[2.14, Timestamp('2017-09-28 00:00:00'), 2632540589313.378]"
376,2019-03-19,"[2.04, Timestamp('2017-09-28 00:00:00'), 2941073895462.6157]"
377,2019-03-20,"[1.84, Timestamp('2017-09-28 00:00:00'), 1922714771079.1084]"
378,2019-03-21,"[1.76, Timestamp('2017-09-28 00:00:00'), 2649275866710.154]"
379,2019-03-22,"[1.6, Timestamp('2017-09-28 00:00:00'), 1304776984648.129]"
380,2019-03-25,"[1.51, Timestamp('2017-09-28 00:00:00'), 1277493413457.3193]"
381,2019-03-26,"[1.47, Timestamp('2017-09-28 00:00:00'), 760631616139.0254]"
382,2019-03-27,"[1.45, Timestamp('2017-09-28 00:00:00'), 983865192230.4961]"
383,2019-03-28,"[1.24, Timestamp('2017-09-28 00:00:00'), 1086082013112.1963]"
384,2019-03-29,"[1.12, Timestamp('2017-09-28 00:00:00'), 1323031624146.7295]"
385,2019-04-01,"[1.09, Timestamp('2017-09-28 00:00:00'), 1666007677543.3203]"
386,2019-04-02,"[1.08, Timestamp('2017-09-28 00:00:00'), 1167322509962.24]"
387,2019-04-03,"[1.04, Timestamp('2017-09-28 00:00:00'), 586494305304.4519]"
388,2019-04-04,"[1.04, Timestamp('2017-09-28 00:00:00'), 1423142810332.6157]"
389,2019-04-05,"[1.03, Timestamp('2017-09-28 00:00:00'), 1101893776654.2441]"
390,2019-04-08,"[1.01, Timestamp('2017-09-28 00:00:00'), 1940770073685.1826]"
391,2019-04-09,"[0.97, Timestamp('2017-09-28 00:00:00'), 2079947451757.435]"
392,2019-04-10,"[0.86, Timestamp('2017-09-28 00:00:00'), 1076089215446.3367]"
393,2019-04-11,"[0.85, Timestamp('2017-09-28 00:00:00'), 1704195202807.729]"
394,2019-04-12,"[0.78, Timestamp('2017-09-28 00:00:00'), 552254752527.1797]"
395,2019-04-15,"[0.75, Timestamp('2017-09-28 00:00:00'), 758858657075.8438]"
396,2019-04-16,"[0.75, Timestamp('2017-09-28 00:00:00'), 1309574165999.4473]"
397,2019-04-17,"[0.68, Timestamp('2017-09-28 00:00:00'), 603458541975.6274]"
398,2019-04-18,"[0.67, Timestamp('2017-09-28 00:00:00'), 1155638275570.343]"
399,2019-04-23,"[0.64, Timestamp('2017-09-28 00:00:00'), 535262445637.0642]"
400,2019-04-24,"[0.63, Timestamp('2017-09-28 00:00:00'), 506604326884.79114]"
401,2019-04-25,"[0.62, Timestamp('2017-09-28 00:00:00'), 139443378800.0]"
402,2019-04-26,"[0.61, Timestamp('2017-09-28 00:00:00'), 793124843894.3782]"
403,2019-04-29,"[0.6, Timestamp('2017-09-28 00:00:00'), 741484530333.7651]"
404,2019-04-30,"[0.6, Timestamp('2017-09-28 00:00:00'), 400339772687.4219]"
405,2019-05-01,"[0.5, Timestamp('2017-09-28 00:00:00'), 476489690792.5]"
406,2019-05-02,"[0.43, Timestamp('2017-09-28 00:00:00'), 469485359975.7788]"
407,2019-05-03,1064513961939087.2
408,2019-05-07,"[6.75, Timestamp('2017-09-29 00:00:00'), 9622540717029.074]"
409,2019-05-08,"[6.23, Timestamp('2017-09-29 00:00:00'), 5715457088864.616]"
410,2019-05-09,"[5.92, Timestamp('2017-09-29 00:00:00'), 12258922002002.613]"
411,2019-05-10,"[5.02, Timestamp('2017-09-29 00:00:00'), 5119870698832.055]"
412,2019-05-13,"[4.4, Timestamp('2017-09-29 00:00:00'), 5927011081416.514]"
413,2019-05-14,"[4.34, Timestamp('2017-09-29 00:00:00'), 3038071316423.3623]"
414,2019-05-15,"[3.8, Timestamp('2017-09-29 00:00:00'), 8304850666577.696]"
415,2019-05-16,"[3.68, Timestamp('2017-09-29 00:00:00'), 7390568308808.808]"
416,2019-05-17,"[3.75, Timestamp('2017-09-29 00:00:00'), 7461805572634.966]"
417,2019-05-20,"[3.25, Timestamp('2017-09-29 00:00:00'), 6878696975878.538]"
418,2019-05-21,"[2.97, Timestamp('2017-09-29 00:00:00'), 2031876395491.5337]"
419,2019-05-22,"[2.71, Timestamp('2017-09-29 00:00:00'), 3846251377968.302]"
420,2019-05-23,"[2.57, Timestamp('2017-09-29 00:00:00'), 1391790650717.7046]"
421,2019-05-24,"[2.32, Timestamp('2017-09-29 00:00:00'), 3589459053262.046]"
422,2019-05-28,"[2.24, Timestamp('2017-09-29 00:00:00'), 2815172189563.0376]"
423,2019-05-29,"[2.23, Timestamp('2017-09-29 00:00:00'), 3855458349444.6797]"
424,2019-05-30,"[2.23, Timestamp('2017-09-29 00:00:00'), 4305416244636.1475]"
425,2019-05-31,"[2.21, Timestamp('2017-09-29 00:00:00'), 2751003571910.7173]"
426,2019-06-03,"[2.14, Timestamp('2017-09-29 00:00:00'), 2643117399959.048]"
427,2019-06-04,"[2.04, Timestamp('2017-09-29 00:00:00'), 2958670915186.8574]"
428,2019-06-05,"[1.84, Timestamp('2017-09-29 00:00:00'), 1959318088434.6145]"
429,2019-06-06,"[1.76, Timestamp('2017-09-29 00:00:00'), 2657670511762.9336]"
430,2019-06-07,"[1.6, Timestamp('2017-09-29 00:00:00'), 1322385827381.2095]"
431,2019-06-10,"[1.51, Timestamp('2017-09-29 00:00:00'), 1275791415272.2969]"
432,2019-06-11,"[1.47, Timestamp('2017-09-29 00:00:00'), 758944111624.2905]"
433,2019-06-12,"[1.45, Timestamp('2017-09-29 00:00:00'), 983463664604.7891]"
434,2019-06-13,"[1.24, Timestamp('2017-09-29 00:00:00'), 1102447643208.3203]"
435,2019-06-14,"[1.12, Timestamp('2017-09-29 00:00:00'), 1338045903867.939]"
436,2019-06-17,"[1.09, Timestamp('2017-09-29 00:00:00'), 1664689263845.6987]"
437,2019-06-18,"[1.08, Timestamp('2017-09-29 00:00:00'), 1173190713967.7207]"
438,2019-06-19,"[1.04, Timestamp('2017-09-29 00:00:00'), 593948423108.2507]"
439,2019-06-20,"[1.04, Timestamp('2017-09-29 00:00:00'), 1437109123204.3125]"
440,2019-06-21,"[1.03, Timestamp('2017-09-29 00:00:00'), 1110638867732.6406]"
441,2019-06-24,"[1.01, Timestamp('2017-09-29 00:00:00'), 1948112412649.9297]"
442,2019-06-25,"[0.97, Timestamp('2017-09-29 00:00:00'), 2091365304659.8643]"
443,2019-06-26,"[0.86, Timestamp('2017-09-29 00:00:00'), 1090652877024.0435]"
444,2019-06-27,"[0.85, Timestamp('2017-09-29 00:00:00'), 1709959527125.6973]"
445,2019-06-28,"[0.78, Timestamp('2017-09-29 00:00:00'), 561153633825.4849]"
446,2019-07-01,"[0.75, Timestamp('2017-09-29 00:00:00'), 755960647725.9033]"
447,2019-07-02,"[0.75, Timestamp('2017-09-29 00:00:00'), 1325847942097.7266]"
448,2019-07-03,"[0.68, Timestamp('2017-09-29 00:00:00'), 604032755604.5352]"
449,2019-07-04,"[0.67, Timestamp('2017-09-29 00:00:00'), 1163880458980.5264]"
450,2019-07-05,"[0.64, Timestamp('2017-09-29 00:00:00'), 546479846898.63684]"
451,2019-07-08,"[0.63, Timestamp('2017-09-29 00:00:00'), 504655163038.5088]"
452,2019-07-09,"[0.62, Timestamp('2017-09-29 00:00:00'), 141965491050.25977]"
453,2019-07-10,"[0.61, Timestamp('2017-09-29 00:00:00'), 797500266748.367]"
454,2019-07-11,"[0.6, Timestamp('2017-09-29 00:00:00'), 745524944975.4736]"
455,2019-07-12,"[0.6, Timestamp('2017-09-29 00:00:00'), 409479952255.78125]"
456,2019-07-15,"[0.5, Timestamp('2017-09-29 00:00:00'), 475620712633.0]"
457,2019-07-16,"[0.43, Timestamp('2017-09-29 00:00:00'), 473983025595.4263]"
458,2019-07-17,1199143791036599.8
459,2019-07-18,"[6.75, Timestamp('2017-10-02 00:00:00'), 9756217749507.473]"
460,2019-07-19,"[6.23, Timestamp('2017-10-02 00:00:00'), 5837724677649.658]"
461,2019-07-22,"[5.92, Timestamp('2017-10-02 00:00:00'), 12302164471646.684]"
462,2019-07-23,"[5.02, Timestamp('2017-10-02 00:00:00'), 5147003915138.293]"
463,2019-07-24,"[4.4, Timestamp('2017-10-02 00:00:00'), 6054431451248.076]"
464,2019-07-25,"[4.34, Timestamp('2017-10-02 00:00:00'), 3107615346763.335]"
465,2019-07-26,"[3.8, Timestamp('2017-10-02 00:00:00'), 8384841490998.309]"
466,2019-07-29,"[3.68, Timestamp('2017-10-02 00:00:00'), 7432375853553.402]"
467,2019-07-30,"[3.75, Timestamp('2017-10-02 00:00:00'), 7508265527687.963]"
468,2019-07-31,"[3.25, Timestamp('2017-10-02 00:00:00'), 6931161096666.542]"
469,2019-08-01,"[2.97, Timestamp('2017-10-02 00:00:00'), 2067428731510.8235]"
470,2019-08-02,"[2.71, Timestamp('2017-10-02 00:00:00'), 3850767223641.6475]"
471,2019-08-05,"[2.57, Timestamp('2017-10-02 00:00:00'), 1416727175837.9678]"
472,2019-08-06,"[2.32, Timestamp('2017-10-02 00:00:00'), 3632656958328.172]"
473,2019-08-07,"[2.24, Timestamp('2017-10-02 00:00:00'), 2887608755187.052]"
474,2019-08-08,"[2.23, Timestamp('2017-10-02 00:00:00'), 3842366034470.531]"
475,2019-08-09,"[2.23, Timestamp('2017-10-02 00:00:00'), 4340470089980.3335]"
476,2019-08-12,"[2.21, Timestamp('2017-10-02 00:00:00'), 2803099307441.7817]"
477,2019-08-13,"[2.14, Timestamp('2017-10-02 00:00:00'), 2679136745377.4297]"
478,2019-08-14,"[2.04, Timestamp('2017-10-02 00:00:00'), 2948724418436.214]"
479,2019-08-15,"[1.84, Timestamp('2017-10-02 00:00:00'), 1941361704337.2627]"
480,2019-08-16,"[1.76, Timestamp('2017-10-02 00:00:00'), 2684532506583.4756]"
481,2019-08-19,"[1.6, Timestamp('2017-10-02 00:00:00'), 1343101936505.5776]"
482,2019-08-20,"[1.51, Timestamp('2017-10-02 00:00:00'), 1282599960358.1338]"
483,2019-08-21,"[1.47, Timestamp('2017-10-02 00:00:00'), 755991060530.0061]"
484,2019-08-22,"[1.45, Timestamp('2017-10-02 00:00:00'), 977035712928.3516]"
485,2019-08-23,"[1.24, Timestamp('2017-10-02 00:00:00'), 1094264828160.2583]"
486,2019-08-27,"[1.12, Timestamp('2017-10-02 00:00:00'), 1334471202883.855]"
487,2019-08-28,"[1.09, Timestamp('2017-10-02 00:00:00'), 1662053220403.896]"
488,2019-08-29,"[1.08, Timestamp('2017-10-02 00:00:00'), 1185830096295.9275]"
489,2019-08-30,"[1.04, Timestamp('2017-10-02 00:00:00'), 598167838448.2562]"
490,2019-09-02,"[1.04, Timestamp('2017-10-02 00:00:00'), 1427332668364.9985]"
491,2019-09-03,"[1.03, Timestamp('2017-10-02 00:00:00'), 1132899341664.437]"
492,2019-09-04,"[1.01, Timestamp('2017-10-02 00:00:00'), 1937099248989.0986]"
493,2019-09-05,"[0.97, Timestamp('2017-10-02 00:00:00'), 2085840378846.3125]"
494,2019-09-06,"[0.86, Timestamp('2017-10-02 00:00:00'), 1101170881434.7551]"
495,2019-09-09,"[0.85, Timestamp('2017-10-02 00:00:00'), 1741318151191.2415]"
496,2019-09-10,"[0.78, Timestamp('2017-10-02 00:00:00'), 563771003045.9624]"
497,2019-09-11,"[0.75, Timestamp('2017-10-02 00:00:00'), 760100611301.2461]"
498,2019-09-12,"[0.75, Timestamp('2017-10-02 00:00:00'), 1333506266320.5876]"
499,2019-09-13,"[0.68, Timestamp('2017-10-02 00:00:00'), 607477789042.5381]"
500,2019-09-16,"[0.67, Timestamp('2017-10-02 00:00:00'), 1163012831947.4888]"
501,2019-09-17,"[0.64, Timestamp('2017-10-02 00:00:00'), 569338101665.3408]"
502,2019-09-18,"[0.63, Timestamp('2017-10-02 00:00:00'), 503355510531.2615]"
503,2019-09-19,"[0.62, Timestamp('2017-10-02 00:00:00'), 143129537165.12988]"
504,2019-09-20,"[0.61, Timestamp('2017-10-02 00:00:00'), 820967772353.896]"
505,2019-09-23,"[0.6, Timestamp('2017-10-02 00:00:00'), 755700565009.6387]"
506,2019-09-24,"[0.6, Timestamp('2017-10-02 00:00:00'), 413867238448.59375]"
507,2019-09-25,"[0.5, Timestamp('2017-10-02 00:00:00'), 479675944044.0]"
508,2019-09-26,"[0.43, Timestamp('2017-10-02 00:00:00'), 479356567628.23047]"
509,2019-09-27,1334952908534101.2
510,2019-09-30,"[6.75, Timestamp('2017-10-03 00:00:00'), 9716115260017.443]"
511,2019-10-01,"[6.23, Timestamp('2017-10-03 00:00:00'), 5855026290016.283]"
512,2019-10-02,"[5.92, Timestamp('2017-10-03 00:00:00'), 12430226605566.742]"
513,2019-10-03,"[5.02, Timestamp('2017-10-03 00:00:00'), 5173093417056.05]"
514,2019-10-04,"[4.4, Timestamp('2017-10-03 00:00:00'), 6052439305345.913]"
515,2019-10-07,"[4.34, Timestamp('2017-10-03 00:00:00'), 3140418744856.6504]"
516,2019-10-08,"[3.8, Timestamp('2017-10-03 00:00:00'), 8361732869731.398]"
517,2019-10-09,"[3.68, Timestamp('2017-10-03 00:00:00'), 7531474166009.473]"
518,2019-10-10,"[3.75, Timestamp('2017-10-03 00:00:00'), 7622756989350.856]"
519,2019-10-11,"[3.25, Timestamp('2017-10-03 00:00:00'), 7030090853727.361]"
520,2019-10-14,"[2.97, Timestamp('2017-10-03 00:00:00'), 2079021584082.3623]"
521,2019-10-15,"[2.71, Timestamp('2017-10-03 00:00:00'), 3850202204379.2607]"
522,2019-10-16,"[2.57, Timestamp('2017-10-03 00:00:00'), 1451535011995.9482]"
523,2019-10-17,"[2.32, Timestamp('2017-10-03 00:00:00'), 3593477670189.994]"
524,2019-10-18,"[2.24, Timestamp('2017-10-03 00:00:00'), 2910657246658.506]"
525,2019-10-21,"[2.23, Timestamp('2017-10-03 00:00:00'), 3848058065585.5103]"
526,2019-10-22,"[2.23, Timestamp('2017-10-03 00:00:00'), 4342531648383.122]"
527,2019-10-23,"[2.21, Timestamp('2017-10-03 00:00:00'), 2803099307441.7817]"
528,2019-10-24,"[2.14, Timestamp('2017-10-03 00:00:00'), 2661413043497.0264]"
529,2019-10-25,"[2.04, Timestamp('2017-10-03 00:00:00'), 2963261545184.552]"
530,2019-10-28,"[1.84, Timestamp('2017-10-03 00:00:00'), 1953793120807.3345]"
531,2019-10-29,"[1.76, Timestamp('2017-10-03 00:00:00'), 2674459367194.3164]"
532,2019-10-30,"[1.6, Timestamp('2017-10-03 00:00:00'), 1337922865113.495]"
533,2019-10-31,"[1.51, Timestamp('2017-10-03 00:00:00'), 1290260001647.6543]"
534,2019-11-01,"[1.47, Timestamp('2017-10-03 00:00:00'), 780881343089.8374]"
535,2019-11-04,"[1.45, Timestamp('2017-10-03 00:00:00'), 1016406368561.3555]"
536,2019-11-05,"[1.24, Timestamp('2017-10-03 00:00:00'), 1108398868541.2676]"
537,2019-11-06,"[1.12, Timestamp('2017-10-03 00:00:00'), 1358779914741.6182]"
538,2019-11-07,"[1.09, Timestamp('2017-10-03 00:00:00'), 1634374568276.6045]"
539,2019-11-08,"[1.08, Timestamp('2017-10-03 00:00:00'), 1181316127954.992]"
540,2019-11-11,"[1.04, Timestamp('2017-10-03 00:00:00'), 598589801897.8821]"
541,2019-11-12,"[1.04, Timestamp('2017-10-03 00:00:00'), 1411969975010.0164]"
542,2019-11-13,"[1.03, Timestamp('2017-10-03 00:00:00'), 1122564026515.5793]"
543,2019-11-14,"[1.01, Timestamp('2017-10-03 00:00:00'), 1932204892680.162]"
544,2019-11-15,"[0.97, Timestamp('2017-10-03 00:00:00'), 2057847748503.2275]"
545,2019-11-18,"[0.86, Timestamp('2017-10-03 00:00:00'), 1111689099246.52]"
546,2019-11-19,"[0.85, Timestamp('2017-10-03 00:00:00'), 1778441099574.7542]"
547,2019-11-21,"[0.78, Timestamp('2017-10-03 00:00:00'), 565341308544.0366]"
548,2019-11-22,"[0.75, Timestamp('2017-10-03 00:00:00'), 771692590622.3403]"
549,2019-11-25,"[0.75, Timestamp('2017-10-03 00:00:00'), 1305745076277.039]"
550,2019-11-26,"[0.68, Timestamp('2017-10-03 00:00:00'), 610922884564.4019]"
551,2019-11-27,"[0.67, Timestamp('2017-10-03 00:00:00'), 1177761944701.7803]"
552,2019-11-28,"[0.64, Timestamp('2017-10-03 00:00:00'), 568279916143.8036]"
553,2019-11-29,"[0.63, Timestamp('2017-10-03 00:00:00'), 510286465712.2661]"
554,2019-12-02,"[0.62, Timestamp('2017-10-03 00:00:00'), 145360634186.25977]"
555,2019-12-03,"[0.61, Timestamp('2017-10-03 00:00:00'), 825740837362.1282]"
556,2019-12-04,"[0.6, Timestamp('2017-10-03 00:00:00'), 759441622623.499]"
557,2019-12-05,"[0.6, Timestamp('2017-10-03 00:00:00'), 417523217869.21875]"
558,2019-12-06,"[0.5, Timestamp('2017-10-03 00:00:00'), 489524363185.0]"
559,2019-12-09,"[0.43, Timestamp('2017-10-03 00:00:00'), 484355616243.20605]"
560,2019-12-10,1471351416030568.5
561,2019-12-11,"[6.75, Timestamp('2017-10-04 00:00:00'), 9709432648900.506]"
562,2019-12-12,"[6.23, Timestamp('2017-10-04 00:00:00'), 5858487509344.515]"
563,2019-12-13,"[5.92, Timestamp('2017-10-04 00:00:00'), 12456834966227.43]"
564,2019-12-16,"[5.02, Timestamp('2017-10-04 00:00:00'), 5223186111379.36]"
565,2019-12-17,"[4.4, Timestamp('2017-10-04 00:00:00'), 6016602326330.786]"
566,2019-12-18,"[4.34, Timestamp('2017-10-04 00:00:00'), 3159227149462.295]"
567,2019-12-19,"[3.8, Timestamp('2017-10-04 00:00:00'), 8419502752234.903]"
568,2019-12-20,"[3.68, Timestamp('2017-10-04 00:00:00'), 7521408468262.887]"
569,2019-12-23,"[3.75, Timestamp('2017-10-04 00:00:00'), 7577955960848.797]"
570,2019-12-24,"[3.25, Timestamp('2017-10-04 00:00:00'), 6967135718279.348]"
571,2019-12-27,"[2.97, Timestamp('2017-10-04 00:00:00'), 2097570452534.4077]"
572,2019-12-30,"[2.71, Timestamp('2017-10-04 00:00:00'), 3828749937090.343]"
573,2019-12-31,"[2.57, Timestamp('2017-10-04 00:00:00'), 1485823052814.1162]"
574,2020-01-02,"[2.32, Timestamp('2017-10-04 00:00:00'), 3576399184506.0186]"
575,2020-01-03,"[2.24, Timestamp('2017-10-04 00:00:00'), 2958399939645.693]"
576,2020-01-06,"[2.23, Timestamp('2017-10-04 00:00:00'), 3848058065585.5103]"
577,2020-01-07,"[2.23, Timestamp('2017-10-04 00:00:00'), 4311602553732.6865]"
578,2020-01-08,"[2.21, Timestamp('2017-10-04 00:00:00'), 2803099307441.7817]"
579,2020-01-09,"[2.14, Timestamp('2017-10-04 00:00:00'), 2657982258818.8315]"
580,2020-01-10,"[2.04, Timestamp('2017-10-04 00:00:00'), 2943369342217.1025]"
581,2020-01-13,"[1.84, Timestamp('2017-10-04 00:00:00'), 1957936990113.0095]"
582,2020-01-14,"[1.76, Timestamp('2017-10-04 00:00:00'), 2697963503993.746]"
583,2020-01-15,"[1.6, Timestamp('2017-10-04 00:00:00'), 1337577652502.0103]"
584,2020-01-16,"[1.51, Timestamp('2017-10-04 00:00:00'), 1298770986795.1113]"
585,2020-01-17,"[1.47, Timestamp('2017-10-04 00:00:00'), 776240678405.4827]"
586,2020-01-20,"[1.45, Timestamp('2017-10-04 00:00:00'), 1034484434266.1602]"
587,2020-01-21,"[1.24, Timestamp('2017-10-04 00:00:00'), 1120301079637.6812]"
588,2020-01-22,"[1.12, Timestamp('2017-10-04 00:00:00'), 1315167212122.433]"
589,2020-01-23,"[1.09, Timestamp('2017-10-04 00:00:00'), 1634374568276.6045]"
590,2020-01-24,"[1.08, Timestamp('2017-10-04 00:00:00'), 1180413334286.8047]"
591,2020-01-27,"[1.04, Timestamp('2017-10-04 00:00:00'), 600418266348.3435]"
592,2020-01-28,"[1.04, Timestamp('2017-10-04 00:00:00'), 1393534934072.7114]"
593,2020-01-29,"[1.03, Timestamp('2017-10-04 00:00:00'), 1086788550166.7632]"
594,2020-01-30,"[1.01, Timestamp('2017-10-04 00:00:00'), 1916296338351.526]"
595,2020-01-31,"[0.97, Timestamp('2017-10-04 00:00:00'), 2057111082887.2158]"
596,2020-02-03,"[0.86, Timestamp('2017-10-04 00:00:00'), 1121398313665.5178]"
597,2020-02-04,"[0.85, Timestamp('2017-10-04 00:00:00'), 1786511374269.9358]"
598,2020-02-05,"[0.78, Timestamp('2017-10-04 00:00:00'), 560106751406.5382]"
599,2020-02-06,"[0.75, Timestamp('2017-10-04 00:00:00'), 770864563060.0713]"
600,2020-02-07,"[0.75, Timestamp('2017-10-04 00:00:00'), 1343079424960.7417]"
601,2020-02-10,"[0.68, Timestamp('2017-10-04 00:00:00'), 602310238885.5337]"
602,2020-02-11,"[0.67, Timestamp('2017-10-04 00:00:00'), 1176894395784.0781]"
603,2020-02-12,"[0.64, Timestamp('2017-10-04 00:00:00'), 568914881641.274]"
604,2020-02-13,"[0.63, Timestamp('2017-10-04 00:00:00'), 515917831368.94116]"
605,2020-02-14,"[0.62, Timestamp('2017-10-04 00:00:00'), 144245078274.87012]"
606,2020-02-17,"[0.61, Timestamp('2017-10-04 00:00:00'), 842844295685.8784]"
607,2020-02-18,"[0.6, Timestamp('2017-10-04 00:00:00'), 766175778219.7148]"
608,2020-02-19,"[0.6, Timestamp('2017-10-04 00:00:00'), 418254524641.40625]"
609,2020-02-20,"[0.5, Timestamp('2017-10-04 00:00:00'), 492710616436.5]"
610,2020-02-21,"[0.43, Timestamp('2017-10-04 00:00:00'), 486729499175.0957]"
611,2020-02-24,1607776580915927.0
612,2020-02-25,"[6.75, Timestamp('2017-10-05 00:00:00'), 9833083283689.533]"
613,2020-02-26,"[6.23, Timestamp('2017-10-05 00:00:00'), 5883863378311.737]"
614,2020-02-27,"[5.92, Timestamp('2017-10-05 00:00:00'), 12561613075798.387]"
615,2020-02-28,"[5.02, Timestamp('2017-10-05 00:00:00'), 5272236210578.949]"
616,2020-03-02,"[4.4, Timestamp('2017-10-05 00:00:00'), 6066376509608.013]"
617,2020-03-03,"[4.34, Timestamp('2017-10-05 00:00:00'), 3215649449752.441]"
618,2020-03-04,"[3.8, Timestamp('2017-10-05 00:00:00'), 8363509899094.775]"
619,2020-03-05,"[3.68, Timestamp('2017-10-05 00:00:00'), 7593409477225.098]"
620,2020-03-06,"[3.75, Timestamp('2017-10-05 00:00:00'), 7662579736456.092]"
621,2020-03-09,"[3.25, Timestamp('2017-10-05 00:00:00'), 7030090853727.361]"
622,2020-03-10,"[2.97, Timestamp('2017-10-05 00:00:00'), 2119983774253.4006]"
623,2020-03-11,"[2.71, Timestamp('2017-10-05 00:00:00'), 3842863108862.159]"
624,2020-03-12,"[2.57, Timestamp('2017-10-05 00:00:00'), 1531021395297.2861]"
625,2020-03-13,"[2.32, Timestamp('2017-10-05 00:00:00'), 3606537538946.0205]"
626,2020-03-16,"[2.24, Timestamp('2017-10-05 00:00:00'), 3048123038312.7505]"
627,2020-03-17,"[2.23, Timestamp('2017-10-05 00:00:00'), 3830980899891.0776]"
628,2020-03-18,"[2.23, Timestamp('2017-10-05 00:00:00'), 4370368201193.3525]"
629,2020-03-19,"[2.21, Timestamp('2017-10-05 00:00:00'), 2823265742257.7446]"
630,2020-03-23,"[2.14, Timestamp('2017-10-05 00:00:00'), 2677135382209.5444]"
631,2020-03-24,"[2.04, Timestamp('2017-10-05 00:00:00'), 2909704195211.453]"
632,2020-03-25,"[1.84, Timestamp('2017-10-05 00:00:00'), 1940671346623.4136]"
633,2020-03-26,"[1.76, Timestamp('2017-10-05 00:00:00'), 2694605863309.7227]"
634,2020-03-27,"[1.6, Timestamp('2017-10-05 00:00:00'), 1352424265011.3262]"
635,2020-03-30,"[1.51, Timestamp('2017-10-05 00:00:00'), 1297919821998.876]"
636,2020-03-31,"[1.47, Timestamp('2017-10-05 00:00:00'), 776240678405.4827]"
637,2020-04-01,"[1.45, Timestamp('2017-10-05 00:00:00'), 1037497591453.0078]"
638,2020-04-02,"[1.24, Timestamp('2017-10-05 00:00:00'), 1140386105782.1567]"
639,2020-04-03,"[1.12, Timestamp('2017-10-05 00:00:00'), 1334113756071.8838]"
640,2020-04-06,"[1.09, Timestamp('2017-10-05 00:00:00'), 1621194253073.4097]"
641,2020-04-07,"[1.08, Timestamp('2017-10-05 00:00:00'), 1181767389302.2917]"
642,2020-04-08,"[1.04, Timestamp('2017-10-05 00:00:00'), 606887978094.6844]"
643,2020-04-09,"[1.04, Timestamp('2017-10-05 00:00:00'), 1392966445268.3633]"
644,2020-04-14,"[1.03, Timestamp('2017-10-05 00:00:00'), 1097123865315.621]"
645,2020-04-15,"[1.01, Timestamp('2017-10-05 00:00:00'), 1914154870707.126]"
646,2020-04-16,"[0.97, Timestamp('2017-10-05 00:00:00'), 2058952680620.709]"
647,2020-04-17,"[0.86, Timestamp('2017-10-05 00:00:00'), 1122489753352.225]"
648,2020-04-20,"[0.85, Timestamp('2017-10-05 00:00:00'), 1794812228242.1226]"
649,2020-04-22,"[0.78, Timestamp('2017-10-05 00:00:00'), 559059796466.209]"
650,2020-04-23,"[0.75, Timestamp('2017-10-05 00:00:00'), 769622550756.0015]"
651,2020-04-24,"[0.75, Timestamp('2017-10-05 00:00:00'), 1346679620594.7075]"
652,2020-04-27,"[0.68, Timestamp('2017-10-05 00:00:00'), 598835343110.4668]"
653,2020-04-28,"[0.67, Timestamp('2017-10-05 00:00:00'), 1189474558128.7788]"
654,2020-04-29,"[0.64, Timestamp('2017-10-05 00:00:00'), 572724442406.6049]"
655,2020-04-30,"[0.63, Timestamp('2017-10-05 00:00:00'), 508986813205.0188]"
656,2020-05-01,"[0.62, Timestamp('2017-10-05 00:00:00'), 145554639405.12988]"
657,2020-05-04,"[0.61, Timestamp('2017-10-05 00:00:00'), 847219718539.8672]"
658,2020-05-05,"[0.6, Timestamp('2017-10-05 00:00:00'), 765427503724.126]"
659,2020-05-06,"[0.6, Timestamp('2017-10-05 00:00:00'), 418985739006.875]"
660,2020-05-07,"[0.5, Timestamp('2017-10-05 00:00:00'), 492420957050.0]"
661,2020-05-11,"[0.43, Timestamp('2017-10-05 00:00:00'), 486479431778.3823]"
662,2020-05-12,1745084656073409.0
663,2020-05-13,"[6.75, Timestamp('2017-10-06 00:00:00'), 9762902841638.375]"
664,2020-05-14,"[6.23, Timestamp('2017-10-06 00:00:00'), 5944998133620.2295]"
665,2020-05-15,"[5.92, Timestamp('2017-10-06 00:00:00'), 12588222679201.62]"
666,2020-05-18,"[5.02, Timestamp('2017-10-06 00:00:00'), 5291019711777.336]"
667,2020-05-19,"[4.4, Timestamp('2017-10-06 00:00:00'), 6086284739770.649]"
668,2020-05-20,"[4.34, Timestamp('2017-10-06 00:00:00'), 3245391260924.9043]"
669,2020-05-21,"[3.8, Timestamp('2017-10-06 00:00:00'), 8499494690431.361]"
670,2020-05-22,"[3.68, Timestamp('2017-10-06 00:00:00'), 7558570864666.309]"
671,2020-05-26,"[3.75, Timestamp('2017-10-06 00:00:00'), 7624416416483.131]"
672,2020-05-27,"[3.25, Timestamp('2017-10-06 00:00:00'), 6989619630600.153]"
673,2020-05-28,"[2.97, Timestamp('2017-10-06 00:00:00'), 2133122661746.371]"
674,2020-05-29,"[2.71, Timestamp('2017-10-06 00:00:00'), 3859235434449.4336]"
675,2020-06-01,"[2.57, Timestamp('2017-10-06 00:00:00'), 1538814425054.2632]"
676,2020-06-02,"[2.32, Timestamp('2017-10-06 00:00:00'), 3654758078912.2773]"
677,2020-06-03,"[2.24, Timestamp('2017-10-06 00:00:00'), 3020136101192.837]"
678,2020-06-04,"[2.23, Timestamp('2017-10-06 00:00:00'), 3791134001212.4863]"
679,2020-06-05,"[2.23, Timestamp('2017-10-06 00:00:00'), 4367275659353.1484]"
680,2020-06-08,"[2.21, Timestamp('2017-10-06 00:00:00'), 2841751281964.01]"
681,2020-06-09,"[2.14, Timestamp('2017-10-06 00:00:00'), 2680852137716.527]"
682,2020-06-10,"[2.04, Timestamp('2017-10-06 00:00:00'), 2910469431966.7085]"
683,2020-06-11,"[1.84, Timestamp('2017-10-06 00:00:00'), 1915808513683.27]"
684,2020-06-12,"[1.76, Timestamp('2017-10-06 00:00:00'), 2721467858130.264]"
685,2020-06-15,"[1.6, Timestamp('2017-10-06 00:00:00'), 1365199337185.79]"
686,2020-06-16,"[1.51, Timestamp('2017-10-06 00:00:00'), 1314090627497.5547]"
687,2020-06-17,"[1.47, Timestamp('2017-10-06 00:00:00'), 778350140855.4028]"
688,2020-06-18,"[1.45, Timestamp('2017-10-06 00:00:00'), 1044528108760.5938]"
689,2020-06-19,"[1.24, Timestamp('2017-10-06 00:00:00'), 1143361638592.1367]"
690,2020-06-22,"[1.12, Timestamp('2017-10-06 00:00:00'), 1346983122056.894]"
691,2020-06-23,"[1.09, Timestamp('2017-10-06 00:00:00'), 1615922166189.8037]"
692,2020-06-24,"[1.08, Timestamp('2017-10-06 00:00:00'), 1186281357643.2273]"
693,2020-06-25,"[1.04, Timestamp('2017-10-06 00:00:00'), 611810578188.2318]"
694,2020-06-26,"[1.04, Timestamp('2017-10-06 00:00:00'), 1412853998986.8618]"
695,2020-06-29,"[1.03, Timestamp('2017-10-06 00:00:00'), 1089968491059.1787]"
696,2020-06-30,"[1.01, Timestamp('2017-10-06 00:00:00'), 1917825925260.7363]"
697,2020-07-01,"[0.97, Timestamp('2017-10-06 00:00:00'), 2085840378846.3125]"
698,2020-07-02,"[0.86, Timestamp('2017-10-06 00:00:00'), 1133893905636.4438]"
699,2020-07-03,"[0.85, Timestamp('2017-10-06 00:00:00'), 1782130525613.9985]"
700,2020-07-06,"[0.78, Timestamp('2017-10-06 00:00:00'), 558536300865.6987]"
701,2020-07-07,"[0.75, Timestamp('2017-10-06 00:00:00'), 775004584714.0815]"
702,2020-07-08,"[0.75, Timestamp('2017-10-06 00:00:00'), 1369059555500.1665]"
703,2020-07-09,"[0.68, Timestamp('2017-10-06 00:00:00'), 598256224856.5527]"
704,2020-07-10,"[0.67, Timestamp('2017-10-06 00:00:00'), 1182533854325.8198]"
705,2020-07-13,"[0.64, Timestamp('2017-10-06 00:00:00'), 572936187880.0085]"
706,2020-07-14,"[0.63, Timestamp('2017-10-06 00:00:00'), 505954563614.0852]"
707,2020-07-15,"[0.62, Timestamp('2017-10-06 00:00:00'), 143566052608.0]"
708,2020-07-16,"[0.61, Timestamp('2017-10-06 00:00:00'), 840855612164.2922]"
709,2020-07-17,"[0.6, Timestamp('2017-10-06 00:00:00'), 769916678401.5332]"
710,2020-07-20,"[0.6, Timestamp('2017-10-06 00:00:00'), 420813774920.5469]"
711,2020-07-21,"[0.5, Timestamp('2017-10-06 00:00:00'), 495896869688.0]"
712,2020-07-22,"[0.43, Timestamp('2017-10-06 00:00:00'), 487354059989.6377]"
713,2020-07-23,1882660127249806.2
714,2020-07-24,"[6.75, Timestamp('2017-10-09 00:00:00'), 9719458426336.387]"
715,2020-07-27,"[6.23, Timestamp('2017-10-09 00:00:00'), 5965760324704.438]"
716,2020-07-28,"[5.92, Timestamp('2017-10-09 00:00:00'), 12566601444379.582]"
717,2020-07-29,"[5.02, Timestamp('2017-10-09 00:00:00'), 5305630034318.937]"
718,2020-07-30,"[4.4, Timestamp('2017-10-09 00:00:00'), 6064383762394.077]"
719,2020-07-31,"[4.34, Timestamp('2017-10-09 00:00:00'), 3172785643664.0796]"
720,2020-08-03,"[3.8, Timestamp('2017-10-09 00:00:00'), 8567043524868.715]"
721,2020-08-04,"[3.68, Timestamp('2017-10-09 00:00:00'), 7529925178392.059]"
722,2020-08-05,"[3.75, Timestamp('2017-10-09 00:00:00'), 7621096060474.57]"
723,2020-08-06,"[3.25, Timestamp('2017-10-09 00:00:00'), 6982125143951.351]"
724,2020-08-07,"[2.97, Timestamp('2017-10-09 00:00:00'), 2132349644285.6553]"
725,2020-08-10,"[2.71, Timestamp('2017-10-09 00:00:00'), 3916818775550.865]"
726,2020-08-11,"[2.57, Timestamp('2017-10-09 00:00:00'), 1486862343467.5713]"
727,2020-08-12,"[2.32, Timestamp('2017-10-09 00:00:00'), 3664804303102.2456]"
728,2020-08-13,"[2.24, Timestamp('2017-10-09 00:00:00'), 2981036674727.1714]"
729,2020-08-14,"[2.23, Timestamp('2017-10-09 00:00:00'), 3788287985654.9966]"
730,2020-08-17,"[2.23, Timestamp('2017-10-09 00:00:00'), 4354903449632.1133]"
731,2020-08-18,"[2.21, Timestamp('2017-10-09 00:00:00'), 2835029061472.7163]"
732,2020-08-19,"[2.14, Timestamp('2017-10-09 00:00:00'), 2694287575066.0015]"
733,2020-08-20,"[2.04, Timestamp('2017-10-09 00:00:00'), 2882160678736.5674]"
734,2020-08-21,"[1.84, Timestamp('2017-10-09 00:00:00'), 1897161388978.1624]"
735,2020-08-24,"[1.76, Timestamp('2017-10-09 00:00:00'), 2716431288435.685]"
736,2020-08-25,"[1.6, Timestamp('2017-10-09 00:00:00'), 1355186407013.1099]"
737,2020-08-26,"[1.51, Timestamp('2017-10-09 00:00:00'), 1308983970127.5908]"
738,2020-08-27,"[1.47, Timestamp('2017-10-09 00:00:00'), 779193893112.7703]"
739,2020-08-28,"[1.45, Timestamp('2017-10-09 00:00:00'), 1042519483538.7422]"
740,2020-09-01,"[1.24, Timestamp('2017-10-09 00:00:00'), 1129227837780.6084]"
741,2020-09-02,"[1.12, Timestamp('2017-10-09 00:00:00'), 1332326289147.6555]"
742,2020-09-03,"[1.09, Timestamp('2017-10-09 00:00:00'), 1630420601108.08]"
743,2020-09-04,"[1.08, Timestamp('2017-10-09 00:00:00'), 1184024418635.0242]"
744,2020-09-07,"[1.04, Timestamp('2017-10-09 00:00:00'), 610544687839.3542]"
745,2020-09-08,"[1.04, Timestamp('2017-10-09 00:00:00'), 1413990260013.0317]"
746,2020-09-09,"[1.03, Timestamp('2017-10-09 00:00:00'), 1089968491059.1787]"
747,2020-09-10,"[1.01, Timestamp('2017-10-09 00:00:00'), 1918131980557.0942]"
748,2020-09-11,"[0.97, Timestamp('2017-10-09 00:00:00'), 2058952680620.709]"
749,2020-09-14,"[0.86, Timestamp('2017-10-09 00:00:00'), 1115973125389.9648]"
750,2020-09-15,"[0.85, Timestamp('2017-10-09 00:00:00'), 1777288203189.7283]"
751,2020-09-16,"[0.78, Timestamp('2017-10-09 00:00:00'), 559583292066.7192]"
752,2020-09-17,"[0.75, Timestamp('2017-10-09 00:00:00'), 775004584714.0815]"
753,2020-09-18,"[0.75, Timestamp('2017-10-09 00:00:00'), 1364193999756.7844]"
754,2020-09-21,"[0.68, Timestamp('2017-10-09 00:00:00'), 593043912235.8828]"
755,2020-09-22,"[0.67, Timestamp('2017-10-09 00:00:00'), 1180798678375.08]"
756,2020-09-23,"[0.64, Timestamp('2017-10-09 00:00:00'), 571031368794.0945]"
757,2020-09-24,"[0.63, Timestamp('2017-10-09 00:00:00'), 500323197957.41016]"
758,2020-09-25,"[0.62, Timestamp('2017-10-09 00:00:00'), 142450511498.25977]"
759,2020-09-28,"[0.61, Timestamp('2017-10-09 00:00:00'), 833695926011.2498]"
760,2020-09-29,"[0.6, Timestamp('2017-10-09 00:00:00'), 773657736015.3936]"
761,2020-09-30,"[0.6, Timestamp('2017-10-09 00:00:00'), 424104239565.15625]"
762,2020-10-01,"[0.5, Timestamp('2017-10-09 00:00:00'), 497924485393.5]"
763,2020-10-02,"[0.43, Timestamp('2017-10-09 00:00:00'), 486229298686.83203]"
764,2020-10-05,2019953843522602.8
765,2020-10-06,"[6.75, Timestamp('2017-10-10 00:00:00'), 9741736691242.47]"
766,2020-10-07,"[6.23, Timestamp('2017-10-10 00:00:00'), 5961146006210.777]"
767,2020-10-08,"[5.92, Timestamp('2017-10-10 00:00:00'), 12696326367826.707]"
768,2020-10-09,"[5.02, Timestamp('2017-10-10 00:00:00'), 5333806965013.656]"
769,2020-10-12,"[4.4, Timestamp('2017-10-10 00:00:00'), 6034520214526.577]"
770,2020-10-13,"[4.34, Timestamp('2017-10-10 00:00:00'), 3157914473211.7764]"
771,2020-10-14,"[3.8, Timestamp('2017-10-10 00:00:00'), 8689696419320.545]"
772,2020-10-15,"[3.68, Timestamp('2017-10-10 00:00:00'), 7586441754713.34]"
773,2020-10-16,"[3.75, Timestamp('2017-10-10 00:00:00'), 7617778207372.695]"
774,2020-10-19,"[3.25, Timestamp('2017-10-10 00:00:00'), 6995615853243.352]"
775,2020-10-20,"[2.97, Timestamp('2017-10-10 00:00:00'), 2158627165656.9438]"
776,2020-10-21,"[2.71, Timestamp('2017-10-10 00:00:00'), 4002629691174.715]"
777,2020-10-22,"[2.57, Timestamp('2017-10-10 00:00:00'), 1495694063825.663]"
778,2020-10-23,"[2.32, Timestamp('2017-10-10 00:00:00'), 3668822601900.2915]"
779,2020-10-26,"[2.24, Timestamp('2017-10-10 00:00:00'), 3014374142764.4263]"
780,2020-10-27,"[2.23, Timestamp('2017-10-10 00:00:00'), 3819596301486.3716]"
781,2020-10-28,"[2.23, Timestamp('2017-10-10 00:00:00'), 4394081228725.963]"
782,2020-10-29,"[2.21, Timestamp('2017-10-10 00:00:00'), 2836709729924.498]"
783,2020-10-30,"[2.14, Timestamp('2017-10-10 00:00:00'), 2692858153555.692]"
784,2020-11-02,"[2.04, Timestamp('2017-10-10 00:00:00'), 2907409011968.2456]"
785,2020-11-03,"[1.84, Timestamp('2017-10-10 00:00:00'), 1896470648370.4065]"
786,2020-11-04,"[1.76, Timestamp('2017-10-10 00:00:00'), 2704678785361.793]"
787,2020-11-05,"[1.6, Timestamp('2017-10-10 00:00:00'), 1354150592734.6934]"
788,2020-11-06,"[1.51, Timestamp('2017-10-10 00:00:00'), 1319197174398.3691]"
789,2020-11-09,"[1.47, Timestamp('2017-10-10 00:00:00'), 780881343089.8374]"
790,2020-11-10,"[1.45, Timestamp('2017-10-10 00:00:00'), 1049549781492.2578]"
791,2020-11-11,"[1.24, Timestamp('2017-10-10 00:00:00'), 1121045022732.5464]"
792,2020-11-12,"[1.12, Timestamp('2017-10-10 00:00:00'), 1339475923980.196]"
793,2020-11-13,"[1.09, Timestamp('2017-10-10 00:00:00'), 1625148220241.934]"
794,2020-11-16,"[1.08, Timestamp('2017-10-10 00:00:00'), 1185830096295.9275]"
795,2020-11-17,"[1.04, Timestamp('2017-10-10 00:00:00'), 608997620017.8113]"
796,2020-11-18,"[1.04, Timestamp('2017-10-10 00:00:00'), 1413706254471.6997]"
797,2020-11-19,"[1.03, Timestamp('2017-10-10 00:00:00'), 1090763476282.2826]"
798,2020-11-20,"[1.01, Timestamp('2017-10-10 00:00:00'), 1939546542072.33]"
799,2020-11-23,"[0.97, Timestamp('2017-10-10 00:00:00'), 2040904306721.8855]"
800,2020-11-24,"[0.86, Timestamp('2017-10-10 00:00:00'), 1107012628566.1987]"
801,2020-11-25,"[0.85, Timestamp('2017-10-10 00:00:00'), 1769218243708.8691]"
802,2020-11-26,"[0.78, Timestamp('2017-10-10 00:00:00'), 567958605243.1315]"
803,2020-11-27,"[0.75, Timestamp('2017-10-10 00:00:00'), 782456658538.5005]"
804,2020-11-30,"[0.75, Timestamp('2017-10-10 00:00:00'), 1361275129600.4976]"
805,2020-12-01,"[0.68, Timestamp('2017-10-10 00:00:00'), 592464856065.8296]"
806,2020-12-02,"[0.67, Timestamp('2017-10-10 00:00:00'), 1203789974539.555]"
807,2020-12-03,"[0.64, Timestamp('2017-10-10 00:00:00'), 584365218505.2389]"
808,2020-12-04,"[0.63, Timestamp('2017-10-10 00:00:00'), 493175801979.6449]"
809,2020-12-07,"[0.62, Timestamp('2017-10-10 00:00:00'), 144051073056.0]"
810,2020-12-08,"[0.61, Timestamp('2017-10-10 00:00:00'), 830911603618.3999]"
811,2020-12-09,"[0.6, Timestamp('2017-10-10 00:00:00'), 771413227392.7109]"
812,2020-12-10,"[0.6, Timestamp('2017-10-10 00:00:00'), 424469846747.8906]"
813,2020-12-11,"[0.5, Timestamp('2017-10-10 00:00:00'), 494448572755.5]"
814,2020-12-14,"[0.43, Timestamp('2017-10-10 00:00:00'), 484480042264.3213]"
815,2020-12-15,2157841465837114.0
816,2020-12-16,"[6.75, Timestamp('2017-10-11 00:00:00'), 9838651299282.326]"
817,2020-12-17,"[6.23, Timestamp('2017-10-11 00:00:00'), 5938076976185.062]"
818,2020-12-18,"[5.92, Timestamp('2017-10-11 00:00:00'), 12613171978562.879]"
819,2020-12-21,"[5.02, Timestamp('2017-10-11 00:00:00'), 5340069810976.925]"
820,2020-12-22,"[4.4, Timestamp('2017-10-11 00:00:00'), 6040494246985.977]"
821,2020-12-23,"[4.34, Timestamp('2017-10-11 00:00:00'), 3122048958465.4653]"
822,2020-12-24,"[3.8, Timestamp('2017-10-11 00:00:00'), 8739468834356.967]"
823,2020-12-29,"[3.68, Timestamp('2017-10-11 00:00:00'), 7566312778568.262]"
824,2020-12-30,"[3.75, Timestamp('2017-10-11 00:00:00'), 7649303818816.557]"
825,2020-12-31,"[3.25, Timestamp('2017-10-11 00:00:00'), 7007606489032.158]"
826,2021-01-04,"[2.97, Timestamp('2017-10-11 00:00:00'), 2112254740912.1787]"
827,2021-01-05,"[2.71, Timestamp('2017-10-11 00:00:00'), 3973273616851.005]"
828,2021-01-06,"[2.57, Timestamp('2017-10-11 00:00:00'), 1498291690406.9604]"
829,2021-01-07,"[2.32, Timestamp('2017-10-11 00:00:00'), 3664804303102.2456]"
830,2021-01-08,"[2.24, Timestamp('2017-10-11 00:00:00'), 3004496264830.7896]"
831,2021-01-11,"[2.23, Timestamp('2017-10-11 00:00:00'), 3785441970097.507]"
832,2021-01-12,"[2.23, Timestamp('2017-10-11 00:00:00'), 4433258599347.77]"
833,2021-01-13,"[2.21, Timestamp('2017-10-11 00:00:00'), 2828307067639.34]"
834,2021-01-14,"[2.14, Timestamp('2017-10-11 00:00:00'), 2695717212893.1255]"
835,2021-01-15,"[2.04, Timestamp('2017-10-11 00:00:00'), 2913529588453.892]"
836,2021-01-18,"[1.84, Timestamp('2017-10-11 00:00:00'), 1909592805448.2341]"
837,2021-01-19,"[1.76, Timestamp('2017-10-11 00:00:00'), 2703000073688.325]"
838,2021-01-20,"[1.6, Timestamp('2017-10-11 00:00:00'), 1353805291901.2275]"
839,2021-01-21,"[1.51, Timestamp('2017-10-11 00:00:00'), 1320048118256.3057]"
840,2021-01-22,"[1.47, Timestamp('2017-10-11 00:00:00'), 781725095347.2048]"
841,2021-01-25,"[1.45, Timestamp('2017-10-11 00:00:00'), 1041515061250.7812]"
842,2021-01-26,"[1.24, Timestamp('2017-10-11 00:00:00'), 1143361638592.1367]"
843,2021-01-27,"[1.12, Timestamp('2017-10-11 00:00:00'), 1338403816408.6553]"
844,2021-01-28,"[1.09, Timestamp('2017-10-11 00:00:00'), 1621194253073.4097]"
845,2021-01-29,"[1.08, Timestamp('2017-10-11 00:00:00'), 1188989828972.3179]"
846,2021-02-01,"[1.04, Timestamp('2017-10-11 00:00:00'), 613357689841.0254]"
847,2021-02-02,"[1.04, Timestamp('2017-10-11 00:00:00'), 1402057966642.775]"
848,2021-02-04,"[1.03, Timestamp('2017-10-11 00:00:00'), 1092353446728.4904]"
849,2021-02-05,"[1.01, Timestamp('2017-10-11 00:00:00'), 1929757139881.878]"
850,2021-02-08,"[0.97, Timestamp('2017-10-11 00:00:00'), 2033538048400.9846]"
851,2021-02-09,"[0.86, Timestamp('2017-10-11 00:00:00'), 1141225085418.855]"
852,2021-02-10,"[0.85, Timestamp('2017-10-11 00:00:00'), 1763914762730.5886]"
853,2021-02-11,"[0.78, Timestamp('2017-10-11 00:00:00'), 573193307423.3951]"
854,2021-02-12,"[0.75, Timestamp('2017-10-11 00:00:00'), 782456658538.5005]"
855,2021-02-15,"[0.75, Timestamp('2017-10-11 00:00:00'), 1335003126523.2485]"
856,2021-02-16,"[0.68, Timestamp('2017-10-11 00:00:00'), 584935946261.7817]"
857,2021-02-17,"[0.67, Timestamp('2017-10-11 00:00:00'), 1194680007865.6624]"
858,2021-02-18,"[0.64, Timestamp('2017-10-11 00:00:00'), 587963343423.1553]"
859,2021-02-19,"[0.63, Timestamp('2017-10-11 00:00:00'), 478664222821.3063]"
860,2021-02-22,"[0.62, Timestamp('2017-10-11 00:00:00'), 146379165285.74023]"
861,2021-02-23,"[0.61, Timestamp('2017-10-11 00:00:00'), 766077436118.5317]"
862,2021-02-24,"[0.6, Timestamp('2017-10-11 00:00:00'), 771413227392.7109]"
863,2021-02-25,"[0.6, Timestamp('2017-10-11 00:00:00'), 426663489844.2969]"
864,2021-02-26,"[0.5, Timestamp('2017-10-11 00:00:00'), 502559035577.5]"
865,2021-03-01,"[0.43, Timestamp('2017-10-11 00:00:00'), 484855718189.21436]"
866,2021-03-02,2295618730890730.0
867,2021-03-03,"[6.75, Timestamp('2017-10-12 00:00:00'), 10042511254825.85]"
868,2021-03-04,"[6.23, Timestamp('2017-10-12 00:00:00'), 5944998133620.2295]"
869,2021-03-05,"[5.92, Timestamp('2017-10-12 00:00:00'), 12550007103157.68]"
870,2021-03-08,"[5.02, Timestamp('2017-10-12 00:00:00'), 5361984455340.756]"
871,2021-03-09,"[4.4, Timestamp('2017-10-12 00:00:00'), 6082302853213.413]"
872,2021-03-10,"[4.34, Timestamp('2017-10-12 00:00:00'), 3132546395478.541]"
873,2021-03-11,"[3.8, Timestamp('2017-10-12 00:00:00'), 8677254986225.21]"
874,2021-03-12,"[3.68, Timestamp('2017-10-12 00:00:00'), 7609668706093.247]"
875,2021-03-15,"[3.75, Timestamp('2017-10-12 00:00:00'), 7634372979276.78]"
876,2021-03-16,"[3.25, Timestamp('2017-10-12 00:00:00'), 6985123481460.149]"
877,2021-03-18,"[2.97, Timestamp('2017-10-12 00:00:00'), 2126166519058.5386]"
878,2021-03-22,"[2.71, Timestamp('2017-10-12 00:00:00'), 4045535456731.336]"
879,2021-03-23,"[2.57, Timestamp('2017-10-12 00:00:00'), 1499850026334.8027]"
880,2021-03-24,"[2.32, Timestamp('2017-10-12 00:00:00'), 3675854863394.2983]"
881,2021-03-25,"[2.24, Timestamp('2017-10-12 00:00:00'), 3028779367714.3584]"
882,2021-03-26,"[2.23, Timestamp('2017-10-12 00:00:00'), 3774056835518.0537]"
883,2021-03-29,"[2.23, Timestamp('2017-10-12 00:00:00'), 4461095560630.043]"
884,2021-03-30,"[2.21, Timestamp('2017-10-12 00:00:00'), 2853514827836.8975]"
885,2021-03-31,"[2.14, Timestamp('2017-10-12 00:00:00'), 2685711478637.773]"
886,2021-04-01,"[2.04, Timestamp('2017-10-12 00:00:00'), 2954080548700.4424]"
887,2021-04-06,"[1.84, Timestamp('2017-10-12 00:00:00'), 1899923968515.279]"
888,2021-04-07,"[1.76, Timestamp('2017-10-12 00:00:00'), 2744972212266.782]"
889,2021-04-08,"[1.6, Timestamp('2017-10-12 00:00:00'), 1357258123791.9238]"
890,2021-04-09,"[1.51, Timestamp('2017-10-12 00:00:00'), 1331112487323.3193]"
891,2021-04-12,"[1.47, Timestamp('2017-10-12 00:00:00'), 786787445278.4062]"
892,2021-04-13,"[1.45, Timestamp('2017-10-12 00:00:00'), 1053567251290.0312]"
893,2021-04-14,"[1.24, Timestamp('2017-10-12 00:00:00'), 1150800670258.3208]"
894,2021-04-15,"[1.12, Timestamp('2017-10-12 00:00:00'), 1334090702498.9946]"
895,2021-04-16,"[1.09, Timestamp('2017-10-12 00:00:00'), 1623830100526.8528]"
896,2021-04-20,"[1.08, Timestamp('2017-10-12 00:00:00'), 1194406771630.4985]"
897,2021-04-21,"[1.04, Timestamp('2017-10-12 00:00:00'), 617155141731.405]"
898,2021-04-22,"[1.04, Timestamp('2017-10-12 00:00:00'), 1420524776072.0874]"
899,2021-04-23,"[1.03, Timestamp('2017-10-12 00:00:00'), 1119384085623.1638]"
900,2021-04-26,"[1.01, Timestamp('2017-10-12 00:00:00'), 1936487598111.4355]"
901,2021-04-27,"[0.97, Timestamp('2017-10-12 00:00:00'), 2055269352540.6504]"
902,2021-04-28,"[0.86, Timestamp('2017-10-12 00:00:00'), 1159145865665.334]"
903,2021-04-29,"[0.85, Timestamp('2017-10-12 00:00:00'), 1748926952118.09]"
904,2021-04-30,"[0.78, Timestamp('2017-10-12 00:00:00'), 575810712904.564]"
905,2021-05-05,"[0.75, Timestamp('2017-10-12 00:00:00'), 797774500535.8018]"
906,2021-05-06,"[0.75, Timestamp('2017-10-12 00:00:00'), 1337922286235.6245]"
907,2021-05-07,"[0.68, Timestamp('2017-10-12 00:00:00'), 577870368311.1816]"
908,2021-05-10,"[0.67, Timestamp('2017-10-12 00:00:00'), 1189474558128.7788]"
909,2021-05-11,"[0.64, Timestamp('2017-10-12 00:00:00'), 588386524743.9734]"
910,2021-05-12,"[0.63, Timestamp('2017-10-12 00:00:00'), 482996030445.1106]"
911,2021-05-13,"[0.62, Timestamp('2017-10-12 00:00:00'), 150356338880.0]"
912,2021-05-14,"[0.61, Timestamp('2017-10-12 00:00:00'), 773634823519.6138]"
913,2021-05-17,"[0.6, Timestamp('2017-10-12 00:00:00'), 779643617116.0205]"
914,2021-05-18,"[0.6, Timestamp('2017-10-12 00:00:00'), 431050822240.46875]"
915,2021-05-19,"[0.5, Timestamp('2017-10-12 00:00:00'), 524573148951.5]"
916,2021-05-20,"[0.43, Timestamp('2017-10-12 00:00:00'), 490978345599.93115]"
917,2021-05-21,2433978262306835.0
918,2021-05-24,"[6.75, Timestamp('2017-10-13 00:00:00'), 10031371502119.316]"
919,2021-05-25,"[6.23, Timestamp('2017-10-13 00:00:00'), 5913853565772.621]"
920,2021-05-26,"[5.92, Timestamp('2017-10-13 00:00:00'), 12415604496765.957]"
921,2021-06-01,"[5.02, Timestamp('2017-10-13 00:00:00'), 5325458928802.944]"
922,2021-06-02,"[4.4, Timestamp('2017-10-13 00:00:00'), 6036511157805.195]"
923,2021-06-03,"[4.34, Timestamp('2017-10-13 00:00:00'), 3226583650917.4746]"
924,2021-06-04,"[3.8, Timestamp('2017-10-13 00:00:00'), 8635480595543.795]"
925,2021-06-07,"[3.68, Timestamp('2017-10-13 00:00:00'), 7599603008346.66]"
926,2021-06-08,"[3.75, Timestamp('2017-10-13 00:00:00'), 7584594670540.57]"
927,2021-06-09,"[3.25, Timestamp('2017-10-13 00:00:00'), 6979126354068.154]"
928,2021-06-10,"[2.97, Timestamp('2017-10-13 00:00:00'), 2160945964424.439]"
929,2021-06-11,"[2.71, Timestamp('2017-10-13 00:00:00'), 4057390705666.4795]"
930,2021-06-14,"[2.57, Timestamp('2017-10-13 00:00:00'), 1526864982748.891]"
931,2021-06-15,"[2.32, Timestamp('2017-10-13 00:00:00'), 3672841218828.2397]"
932,2021-06-16,"[2.24, Timestamp('2017-10-13 00:00:00'), 3099981650805.1636]"
933,2021-06-17,"[2.23, Timestamp('2017-10-13 00:00:00'), 3751287102533.895]"
934,2021-06-18,"[2.23, Timestamp('2017-10-13 00:00:00'), 4446661792506.22]"
935,2021-06-21,"[2.21, Timestamp('2017-10-13 00:00:00'), 2823265742257.7446]"
936,2021-06-29,"[2.14, Timestamp('2017-10-13 00:00:00'), 2663699944860.07]"
937,2021-06-30,"[2.04, Timestamp('2017-10-13 00:00:00'), 2926536768714.278]"
938,2021-07-01,"[1.84, Timestamp('2017-10-13 00:00:00'), 1900614709123.035]"
939,2021-07-02,"[1.76, Timestamp('2017-10-13 00:00:00'), 2719789146456.797]"
940,2021-07-05,"[1.6, Timestamp('2017-10-13 00:00:00'), 1354150592734.6934]"
941,2021-07-06,"[1.51, Timestamp('2017-10-13 00:00:00'), 1307281861473.419]"
942,2021-07-07,"[1.47, Timestamp('2017-10-13 00:00:00'), 785100158914.3423]"
943,2021-07-08,"[1.45, Timestamp('2017-10-13 00:00:00'), 1056580298799.8438]"
944,2021-07-09,"[1.24, Timestamp('2017-10-13 00:00:00'), 1149312863925.084]"
945,2021-07-12,"[1.12, Timestamp('2017-10-13 00:00:00'), 1336965878907.729]"
946,2021-07-13,"[1.09, Timestamp('2017-10-13 00:00:00'), 1617240089916.5254]"
947,2021-07-14,"[1.08, Timestamp('2017-10-13 00:00:00'), 1202080472647.8245]"
948,2021-07-15,"[1.04, Timestamp('2017-10-13 00:00:00'), 612795159570.6921]"
949,2021-07-16,"[1.04, Timestamp('2017-10-13 00:00:00'), 1419388276185.0752]"
950,2021-07-19,"[1.03, Timestamp('2017-10-13 00:00:00'), 1105868702769.7637]"
951,2021-07-20,"[1.01, Timestamp('2017-10-13 00:00:00'), 1923944157968.815]"
952,2021-07-21,"[0.97, Timestamp('2017-10-13 00:00:00'), 2024698193621.916]"
953,2021-07-22,"[0.86, Timestamp('2017-10-13 00:00:00'), 1158331207144.6565]"
954,2021-07-23,"[0.85, Timestamp('2017-10-13 00:00:00'), 1720335594590.9307]"
955,2021-07-26,"[0.78, Timestamp('2017-10-13 00:00:00'), 575287108521.9797]"
956,2021-07-27,"[0.75, Timestamp('2017-10-13 00:00:00'), 800672393728.4072]"
957,2021-07-28,"[0.75, Timestamp('2017-10-13 00:00:00'), 1340841445948.0005]"
958,2021-07-30,"[0.68, Timestamp('2017-10-13 00:00:00'), 568835738630.185]"
959,2021-08-02,"[0.67, Timestamp('2017-10-13 00:00:00'), 1193812693293.9673]"
960,2021-08-03,"[0.64, Timestamp('2017-10-13 00:00:00'), 594101136814.7102]"
961,2021-08-04,"[0.63, Timestamp('2017-10-13 00:00:00'), 472166527131.3292]"
962,2021-08-05,"[0.62, Timestamp('2017-10-13 00:00:00'), 149822813426.87012]"
963,2021-08-06,"[0.61, Timestamp('2017-10-13 00:00:00'), 760508909520.4243]"
964,2021-08-09,"[0.6, Timestamp('2017-10-13 00:00:00'), 778895421336.4526]"
965,2021-08-10,"[0.6, Timestamp('2017-10-13 00:00:00'), 430319515468.28125]"
966,2021-08-12,"[0.5, Timestamp('2017-10-13 00:00:00'), 528628380362.5]"
967,2021-08-13,"[0.43, Timestamp('2017-10-13 00:00:00'), 494726991536.5029]"
968,2021-08-16,2571939022551334.0
969,2021-08-17,"[6.75, Timestamp('2017-10-16 00:00:00'), 10031371502119.316]"
970,2021-08-18,"[6.23, Timestamp('2017-10-16 00:00:00'), 5946150592175.012]"
971,2021-08-19,"[5.92, Timestamp('2017-10-16 00:00:00'), 12497926248523.707]"
972,2021-08-20,"[5.02, Timestamp('2017-10-16 00:00:00'), 5304586319930.455]"
973,2021-08-23,"[4.4, Timestamp('2017-10-16 00:00:00'), 6048458020100.449]"
974,2021-08-24,"[4.34, Timestamp('2017-10-16 00:00:00'), 3252389552266.9546]"
975,2021-08-25,"[3.8, Timestamp('2017-10-16 00:00:00'), 8618592969268.514]"
976,2021-08-26,"[3.68, Timestamp('2017-10-16 00:00:00'), 7610442292646.418]"
977,2021-08-27,"[3.75, Timestamp('2017-10-16 00:00:00'), 7601184937212.621]"
978,2021-08-31,"[3.25, Timestamp('2017-10-16 00:00:00'), 6961140400384.945]"
979,2021-09-01,"[2.97, Timestamp('2017-10-16 00:00:00'), 2191860322486.7603]"
